
-- ----------------------------------------状态机begin-------------------------
INSERT INTO t_smdomain (F_DomainID, F_Name, F_Description) VALUES (1, '盘点单', '盘点单状态');	-- ID=1
INSERT INTO t_smdomain (F_DomainID, F_Name, F_Description) VALUES (2, '采购订单', '采购订单状态'); -- ID=2
INSERT INTO t_smdomain (F_DomainID, F_Name, F_Description) VALUES (3, '门店', '门店状态');	-- ID=3
INSERT INTO t_smdomain (F_DomainID, F_Name, F_Description) VALUES (4, '入库单', '入库单状态');	-- ID=4
INSERT INTO t_smdomain (F_DomainID, F_Name, F_Description) VALUES (5, '退货单', '退货单状态');	-- ID=5
INSERT INTO t_smdomain (F_DomainID, F_Name, F_Description) VALUES (6, '仓库', '仓库状态');	-- ID=6
INSERT INTO t_smdomain (F_DomainID, F_Name, F_Description) VALUES (7, '员工', '员工状态');	-- ID=7
INSERT INTO t_smdomain (F_DomainID, F_Name, F_Description) VALUES (8, 'POS机', 'POS机状态');	-- ID=8
INSERT INTO t_smdomain (F_DomainID, F_Name, F_Description) VALUES (9, 'VIP', 'VIP状态');	-- ID=9
INSERT INTO t_smdomain (F_DomainID, F_Name, F_Description) VALUES (10, '商品', '商品状态');	-- ID=10
INSERT INTO t_smdomain (F_DomainID, F_Name, F_Description) VALUES (11, '促销', '促销状态');	-- ID=10

INSERT INTO t_smnode (F_Status, F_DomainID, F_Name, F_Description) VALUES (0, 1, '待录入', '');
INSERT INTO t_smnode (F_Status, F_DomainID, F_Name, F_Description) VALUES (1, 1, '已提交', '');
INSERT INTO t_smnode (F_Status, F_DomainID, F_Name, F_Description) VALUES (2, 1, '已审核', '');
INSERT INTO t_smnode (F_Status, F_DomainID, F_Name, F_Description) VALUES (3, 1, '已删除', '');

INSERT INTO t_smnode (F_Status, F_DomainID, F_Name, F_Description) VALUES (0, 2, '未审核', '');
INSERT INTO t_smnode (F_Status, F_DomainID, F_Name, F_Description) VALUES (1, 2, '已审核', '');
INSERT INTO t_smnode (F_Status, F_DomainID, F_Name, F_Description) VALUES (2, 2, '部分入库', '');
INSERT INTO t_smnode (F_Status, F_DomainID, F_Name, F_Description) VALUES (3, 2, '全部入库', '');
INSERT INTO t_smnode (F_Status, F_DomainID, F_Name, F_Description) VALUES (4, 2, '已删除', '');

INSERT INTO t_smnode (F_Status, F_DomainID, F_Name, F_Description) VALUES (0, 3, '财务待审核', '');
INSERT INTO t_smnode (F_Status, F_DomainID, F_Name, F_Description) VALUES (1, 3, '营业中', '');
INSERT INTO t_smnode (F_Status, F_DomainID, F_Name, F_Description) VALUES (2, 3, '断网锁定', '');
INSERT INTO t_smnode (F_Status, F_DomainID, F_Name, F_Description) VALUES (3, 3, '离线中', '');
INSERT INTO t_smnode (F_Status, F_DomainID, F_Name, F_Description) VALUES (4, 3, '欠费锁定', '');

INSERT INTO t_smnode (F_Status, F_DomainID, F_Name, F_Description) VALUES (0, 4, '待审核', '');
INSERT INTO t_smnode (F_Status, F_DomainID, F_Name, F_Description) VALUES (1, 4, '已审核', '');

INSERT INTO t_smnode (F_Status, F_DomainID, F_Name, F_Description) VALUES (0, 5, '待审核', '');
INSERT INTO t_smnode (F_Status, F_DomainID, F_Name, F_Description) VALUES (1, 5, '已审核', '');

INSERT INTO t_smnode (F_Status, F_DomainID, F_Name, F_Description) VALUES (0, 6, '正常', '');
INSERT INTO t_smnode (F_Status, F_DomainID, F_Name, F_Description) VALUES (1, 6, '删除', '');

INSERT INTO t_smnode (F_Status, F_DomainID, F_Name, F_Description) VALUES (0, 7, '在职', '');
INSERT INTO t_smnode (F_Status, F_DomainID, F_Name, F_Description) VALUES (1, 7, '离职', '');

INSERT INTO t_smnode (F_Status, F_DomainID, F_Name, F_Description) VALUES (0, 8, '正常', '');
INSERT INTO t_smnode (F_Status, F_DomainID, F_Name, F_Description) VALUES (1, 8, '删除', '');

INSERT INTO t_smnode (F_Status, F_DomainID, F_Name, F_Description) VALUES (0, 9, '正常', '');
INSERT INTO t_smnode (F_Status, F_DomainID, F_Name, F_Description) VALUES (1, 9, '挂失', '');
INSERT INTO t_smnode (F_Status, F_DomainID, F_Name, F_Description) VALUES (2, 9, '删除', '');

INSERT INTO t_smnode (F_Status, F_DomainID, F_Name, F_Description) VALUES (0, 10, '正常商品', '');
INSERT INTO t_smnode (F_Status, F_DomainID, F_Name, F_Description) VALUES (1, 10, '预淘汰商品', '');
INSERT INTO t_smnode (F_Status, F_DomainID, F_Name, F_Description) VALUES (2, 10, '删除', '');

INSERT INTO t_smnode (F_Status, F_DomainID, F_Name, F_Description) VALUES (0, 11, '有效', '');
INSERT INTO t_smnode (F_Status, F_DomainID, F_Name, F_Description) VALUES (1, 11, '已删除', '');

INSERT INTO t_smforward (F_DomainID, F_CurrentNodeID, F_NextNodeID, F_Description) VALUES (1, 0, 1, '');
INSERT INTO t_smforward (F_DomainID, F_CurrentNodeID, F_NextNodeID, F_Description) VALUES (1, 1, 2, '');
INSERT INTO t_smforward (F_DomainID, F_CurrentNodeID, F_NextNodeID, F_Description) VALUES (1, 2, 1, '');
INSERT INTO t_smforward (F_DomainID, F_CurrentNodeID, F_NextNodeID, F_Description) VALUES (1, 0, 3, '');
--	INSERT INTO t_smforward (F_DomainID, F_CurrentNodeID, F_NextNodeID, F_Description) VALUES (1, 1, 3, '');  -- 需求变动 已提交的盘点单不能删除

INSERT INTO t_smforward (F_DomainID, F_CurrentNodeID, F_NextNodeID, F_Description) VALUES (2, 4, 4, '');
INSERT INTO t_smforward (F_DomainID, F_CurrentNodeID, F_NextNodeID, F_Description) VALUES (2, 0, 4, '');
INSERT INTO t_smforward (F_DomainID, F_CurrentNodeID, F_NextNodeID, F_Description) VALUES (2, 0, 1, '');
INSERT INTO t_smforward (F_DomainID, F_CurrentNodeID, F_NextNodeID, F_Description) VALUES (2, 1, 0, '');
INSERT INTO t_smforward (F_DomainID, F_CurrentNodeID, F_NextNodeID, F_Description) VALUES (2, 1, 3, '');
INSERT INTO t_smforward (F_DomainID, F_CurrentNodeID, F_NextNodeID, F_Description) VALUES (2, 1, 2, '');
INSERT INTO t_smforward (F_DomainID, F_CurrentNodeID, F_NextNodeID, F_Description) VALUES (2, 2, 2, '');
INSERT INTO t_smforward (F_DomainID, F_CurrentNodeID, F_NextNodeID, F_Description) VALUES (2, 2, 3, '');
INSERT INTO t_smforward (F_DomainID, F_CurrentNodeID, F_NextNodeID, F_Description) VALUES (2, 3, 3, '');

INSERT INTO t_smforward (F_DomainID, F_CurrentNodeID, F_NextNodeID, F_Description) VALUES (3, 0, 1, '');
INSERT INTO t_smforward (F_DomainID, F_CurrentNodeID, F_NextNodeID, F_Description) VALUES (3, 0, 3, '冻结门店');
INSERT INTO t_smforward (F_DomainID, F_CurrentNodeID, F_NextNodeID, F_Description) VALUES (3, 1, 3, '');
INSERT INTO t_smforward (F_DomainID, F_CurrentNodeID, F_NextNodeID, F_Description) VALUES (3, 1, 4, '');
INSERT INTO t_smforward (F_DomainID, F_CurrentNodeID, F_NextNodeID, F_Description) VALUES (3, 4, 1, '');
INSERT INTO t_smforward (F_DomainID, F_CurrentNodeID, F_NextNodeID, F_Description) VALUES (3, 3, 1, '');
INSERT INTO t_smforward (F_DomainID, F_CurrentNodeID, F_NextNodeID, F_Description) VALUES (3, 3, 4, '');
INSERT INTO t_smforward (F_DomainID, F_CurrentNodeID, F_NextNodeID, F_Description) VALUES (3, 3, 2, '');
INSERT INTO t_smforward (F_DomainID, F_CurrentNodeID, F_NextNodeID, F_Description) VALUES (3, 2, 1, '');
INSERT INTO t_smforward (F_DomainID, F_CurrentNodeID, F_NextNodeID, F_Description) VALUES (3, 1, 1, '');

INSERT INTO t_smforward (F_DomainID, F_CurrentNodeID, F_NextNodeID, F_Description) VALUES (4, 0, 1, '');
INSERT INTO t_smforward (F_DomainID, F_CurrentNodeID, F_NextNodeID, F_Description) VALUES (4, 1, 0, '');

INSERT INTO t_smforward (F_DomainID, F_CurrentNodeID, F_NextNodeID, F_Description) VALUES (5, 0, 1, '');
INSERT INTO t_smforward (F_DomainID, F_CurrentNodeID, F_NextNodeID, F_Description) VALUES (5, 0, 0, '');

INSERT INTO t_smforward (F_DomainID, F_CurrentNodeID, F_NextNodeID, F_Description) VALUES (6, 0, 1, '');

INSERT INTO t_smforward (F_DomainID, F_CurrentNodeID, F_NextNodeID, F_Description) VALUES (7, 0, 1, '');
INSERT INTO t_smforward (F_DomainID, F_CurrentNodeID, F_NextNodeID, F_Description) VALUES (7, 1, 0, '');

INSERT INTO t_smforward (F_DomainID, F_CurrentNodeID, F_NextNodeID, F_Description) VALUES (8, 0, 1, '');
INSERT INTO t_smforward (F_DomainID, F_CurrentNodeID, F_NextNodeID, F_Description) VALUES (8, 1, 0, '');


INSERT INTO t_smforward (F_DomainID, F_CurrentNodeID, F_NextNodeID, F_Description) VALUES (9, 0, 1, '');
INSERT INTO t_smforward (F_DomainID, F_CurrentNodeID, F_NextNodeID, F_Description) VALUES (9, 1, 0, '');
INSERT INTO t_smforward (F_DomainID, F_CurrentNodeID, F_NextNodeID, F_Description) VALUES (9, 0, 2, '');
INSERT INTO t_smforward (F_DomainID, F_CurrentNodeID, F_NextNodeID, F_Description) VALUES (9, 1, 2, '');

INSERT INTO t_smforward (F_DomainID, F_CurrentNodeID, F_NextNodeID, F_Description) VALUES (10, 0, 1, '');
INSERT INTO t_smforward (F_DomainID, F_CurrentNodeID, F_NextNodeID, F_Description) VALUES (10, 0, 2, '');
INSERT INTO t_smforward (F_DomainID, F_CurrentNodeID, F_NextNodeID, F_Description) VALUES (10, 1, 2, '');

INSERT INTO t_smforward (F_DomainID, F_CurrentNodeID, F_NextNodeID, F_Description) VALUES (11, 0, 1, '');
-- ----------------------------------------状态机end-------------------------

-- 错误代码表
delete from t_errorcode;
INSERT INTO t_errorcode (F_ErrorCode, F_ErrorDescription) VALUES (0, 'No error');
INSERT INTO t_errorcode (F_ErrorCode, F_ErrorDescription) VALUES (1, 'Duplicated');
INSERT INTO t_errorcode (F_ErrorCode, F_ErrorDescription) VALUES (2, 'No such data');
INSERT INTO t_errorcode (F_ErrorCode, F_ErrorDescription) VALUES (3, 'Other error');
INSERT INTO t_errorcode (F_ErrorCode, F_ErrorDescription) VALUES (4, 'Hack');
INSERT INTO t_errorcode (F_ErrorCode, F_ErrorDescription) VALUES (5, 'Not implemented');
INSERT INTO t_errorcode (F_ErrorCode, F_ErrorDescription) VALUES (6, 'Object not equal');
INSERT INTO t_errorcode (F_ErrorCode, F_ErrorDescription) VALUES (7, 'Business logic not defined');
INSERT INTO t_errorcode (F_ErrorCode, F_ErrorDescription) VALUES (8, 'Wrong format for input field');
INSERT INTO t_errorcode (F_ErrorCode, F_ErrorDescription) VALUES (9, 'Time out');
INSERT INTO t_errorcode (F_ErrorCode, F_ErrorDescription) VALUES (10, 'No permission');
INSERT INTO t_errorcode (F_ErrorCode, F_ErrorDescription) VALUES (11, 'Other error 2');
INSERT INTO t_errorcode (F_ErrorCode, F_ErrorDescription) VALUES (12, 'Part success');
INSERT INTO t_errorcode (F_ErrorCode, F_ErrorDescription) VALUES (13, 'Redirect');
INSERT INTO t_errorcode (F_ErrorCode, F_ErrorDescription) VALUES (14, 'Duplicated session');
INSERT INTO t_errorcode (F_ErrorCode, F_ErrorDescription) VALUES (15, 'InvalID session');
INSERT INTO t_errorcode (F_ErrorCode, F_ErrorDescription) VALUES (16, 'Session time out');
INSERT INTO t_errorcode (F_ErrorCode, F_ErrorDescription) VALUES (17, 'Wechat Server Error');

-- 会员表类别
DELETE FROM T_VIP_Category;
INSERT INTO t_vip_category (F_Name) VALUES ('普通会员');
INSERT INTO t_vip_category (F_Name) VALUES ('黄金会员');
INSERT INTO t_vip_category (F_Name) VALUES ('钻石会员');
INSERT INTO t_vip_category (F_Name) VALUES ('至尊会员');
INSERT INTO t_vip_category (F_Name) VALUES ('王牌会员');

SET @i = 0;
-- 操作权限表
delete from T_Permission;
INSERT INTO T_Permission (F_ID, F_SP, F_Name, F_Domain, F_Remark) VALUES (1,'SP_Barcodes_Create','添加条形码','条形码','添加条形码');  SELECT @i + 1;
INSERT INTO T_Permission (F_ID, F_SP, F_Name, F_Domain, F_Remark) VALUES (2,'SP_Barcodes_Delete','删除条形码','条形码','删除条形码');  SELECT @i + 2;
INSERT INTO T_Permission (F_ID, F_SP, F_Name, F_Domain, F_Remark) VALUES (3,'SP_Barcodes_RetrieveN','查询单个条形码','条形码','查询单个条形码');  SELECT @i + 3;
INSERT INTO T_Permission (F_ID, F_SP, F_Name, F_Domain, F_Remark) VALUES (4,'SP_Barcodes_Update','修改单个条形码','条形码','修改单个条形码');  SELECT @i + 4;
INSERT INTO T_Permission (F_ID, F_SP, F_Name, F_Domain, F_Remark) VALUES (5,'SP_Brand_Create','添加品牌','品牌','添加品牌');  SELECT @i + 5;
INSERT INTO T_Permission (F_ID, F_SP, F_Name, F_Domain, F_Remark) VALUES (6,'SP_Brand_Delete','删除品牌','品牌','删除品牌');  SELECT @i + 6;
INSERT INTO T_Permission (F_ID, F_SP, F_Name, F_Domain, F_Remark) VALUES (7,'SP_Brand_Retrieve1','查询单个品牌','品牌','查询单个品牌');  SELECT @i + 7;
INSERT INTO T_Permission (F_ID, F_SP, F_Name, F_Domain, F_Remark) VALUES (8,'SP_Brand_RetrieveN','查询多个品牌','品牌','查询多个品牌');  SELECT @i + 8;
INSERT INTO T_Permission (F_ID, F_SP, F_Name, F_Domain, F_Remark) VALUES (9,'SP_Brand_Update','修改品牌','品牌','修改品牌');  SELECT @i + 9;
INSERT INTO T_Permission (F_ID, F_SP, F_Name, F_Domain, F_Remark) VALUES (10,'SP_Category_Create','添加类别','类别','添加类别');  SELECT @i + 10;
INSERT INTO T_Permission (F_ID, F_SP, F_Name, F_Domain, F_Remark) VALUES (11,'SP_Category_Delete','删除类别','类别','删除类别');  SELECT @i + 11;
INSERT INTO T_Permission (F_ID, F_SP, F_Name, F_Domain, F_Remark) VALUES (12,'SP_Category_RetrieveN','查询所有类别','类别','查询所有类别');  SELECT @i + 12;
INSERT INTO T_Permission (F_ID, F_SP, F_Name, F_Domain, F_Remark) VALUES (13,'SP_Category_Update','修改类别','类别','修改类别');  SELECT @i + 13;
INSERT INTO T_Permission (F_ID, F_SP, F_Name, F_Domain, F_Remark) VALUES (14,'SP_CategoryParent_Create','添加基本类别','类别','添加基本类别');  SELECT @i + 14;
INSERT INTO T_Permission (F_ID, F_SP, F_Name, F_Domain, F_Remark) VALUES (15,'SP_CategoryParent_Delete','删除基本类别','类别','删除基本类别');  SELECT @i + 15;
INSERT INTO T_Permission (F_ID, F_SP, F_Name, F_Domain, F_Remark) VALUES (16,'SP_CategoryParent_Retrieve1','查询单个基本类别','类别','查询单个基本类别');  SELECT @i + 16;
INSERT INTO T_Permission (F_ID, F_SP, F_Name, F_Domain, F_Remark) VALUES (17,'SP_CategoryParent_RetrieveN','查询多个基本类别','类别','查询多个基本类别');  SELECT @i + 17;
INSERT INTO T_Permission (F_ID, F_SP, F_Name, F_Domain, F_Remark) VALUES (18,'SP_CategoryParent_Update','修改基本类别','类别','修改基本类别');  SELECT @i + 18;
INSERT INTO T_Permission (F_ID, F_SP, F_Name, F_Domain, F_Remark) VALUES (19,'SP_Commodity_CheckDependency','检查商品是否存在依赖','商品','检查商品是否存在依赖');  SELECT @i + 19;
INSERT INTO T_Permission (F_ID, F_SP, F_Name, F_Domain, F_Remark) VALUES (20,'SP_Commodity_Retrieve1','查询单个商品','商品','查询单个商品');  SELECT @i + 20;
INSERT INTO T_Permission (F_ID, F_SP, F_Name, F_Domain, F_Remark) VALUES (21,'SP_Commodity_RetrieveInventory','查询商品库存','商品','查询商品库存');  SELECT @i + 21;
INSERT INTO T_Permission (F_ID, F_SP, F_Name, F_Domain, F_Remark) VALUES (22,'SP_Commodity_RetrieveN','查询所有商品','商品','查询所有商品');  SELECT @i + 22;
INSERT INTO T_Permission (F_ID, F_SP, F_Name, F_Domain, F_Remark) VALUES (23,'SP_Commodity_RetrieveNMultiPackageCommodity','查询多包装商品','商品','查询多包装商品');  SELECT @i + 23;
INSERT INTO T_Permission (F_ID, F_SP, F_Name, F_Domain, F_Remark) VALUES (24,'SP_Commodity_Update','修改商品','商品','修改商品');  SELECT @i + 24;
INSERT INTO T_Permission (F_ID, F_SP, F_Name, F_Domain, F_Remark) VALUES (25,'SP_Commodity_UpdatePrice','修改零售价','商品','修改零售价');  SELECT @i + 25;
INSERT INTO T_Permission (F_ID, F_SP, F_Name, F_Domain, F_Remark) VALUES (26,'SP_Commodity_UpdateWarehousing','修改平均进货价','商品','修改平均进货价');  SELECT @i + 26;
INSERT INTO T_Permission (F_ID, F_SP, F_Name, F_Domain, F_Remark) VALUES (27,'SP_CommodityHistory_RetrieveN','查询多个商品历史修改记录','商品','查询多个商品历史修改记录');  SELECT @i + 27;
INSERT INTO T_Permission (F_ID, F_SP, F_Name, F_Domain, F_Remark) VALUES (28,'SP_Inventory_Approve','审核盘点单','盘点','审核盘点单');  SELECT @i + 28;
INSERT INTO T_Permission (F_ID, F_SP, F_Name, F_Domain, F_Remark) VALUES (29,'SP_Inventory_Create','创建盘点单','盘点','创建盘点单');  SELECT @i + 29;
INSERT INTO T_Permission (F_ID, F_SP, F_Name, F_Domain, F_Remark) VALUES (30,'SP_Inventory_Delete','删除盘点单','盘点','删除盘点单');  SELECT @i + 30;
INSERT INTO T_Permission (F_ID, F_SP, F_Name, F_Domain, F_Remark) VALUES (31,'SP_Inventory_Retrieve1','查询单个盘点单','盘点','查询单个盘点单');  SELECT @i + 31;
INSERT INTO T_Permission (F_ID, F_SP, F_Name, F_Domain, F_Remark) VALUES (32,'SP_Inventory_RetrieveN','查询多个盘点单','盘点','查询多个盘点单');  SELECT @i + 32;
INSERT INTO T_Permission (F_ID, F_SP, F_Name, F_Domain, F_Remark) VALUES (33,'SP_Inventory_RetrieveNByFields','模糊查询盘点单','盘点','模糊查询盘点单');  SELECT @i + 33;
INSERT INTO T_Permission (F_ID, F_SP, F_Name, F_Domain, F_Remark) VALUES (34,'SP_Inventory_Submit','提交盘点单','盘点','提交盘点单');  SELECT @i + 34;
INSERT INTO T_Permission (F_ID, F_SP, F_Name, F_Domain, F_Remark) VALUES (35,'SP_Inventory_UpdateCommodity','修改库存','盘点','修改库存');  SELECT @i + 35;
INSERT INTO T_Permission (F_ID, F_SP, F_Name, F_Domain, F_Remark) VALUES (36,'SP_Inventory_UpdateSheet','修改盘点单','盘点','修改盘点单');  SELECT @i + 36;
INSERT INTO T_Permission (F_ID, F_SP, F_Name, F_Domain, F_Remark) VALUES (37,'SP_InventoryCommodity_Create','添加盘点单商品','盘点','添加盘点单商品');  SELECT @i + 37;
INSERT INTO T_Permission (F_ID, F_SP, F_Name, F_Domain, F_Remark) VALUES (38,'SP_InventoryCommodity_Delete','删除盘点单商品','盘点','删除盘点单商品');  SELECT @i + 38;
INSERT INTO T_Permission (F_ID, F_SP, F_Name, F_Domain, F_Remark) VALUES (39,'SP_InventoryCommodity_RetrieveN','查询所有盘点单商品','盘点','查询所有盘点单商品');  SELECT @i + 39;
INSERT INTO T_Permission (F_ID, F_SP, F_Name, F_Domain, F_Remark) VALUES (40,'SP_Message_Create','添加消息','消息','添加消息');  SELECT @i + 40;
INSERT INTO T_Permission (F_ID, F_SP, F_Name, F_Domain, F_Remark) VALUES (41,'SP_Message_Retrieve1','查询单个消息','消息','查询单个消息');  SELECT @i + 41;
INSERT INTO T_Permission (F_ID, F_SP, F_Name, F_Domain, F_Remark) VALUES (42,'SP_Message_RetrieveN','查询多个消息','消息','查询多个消息');  SELECT @i + 42;
INSERT INTO T_Permission (F_ID, F_SP, F_Name, F_Domain, F_Remark) VALUES (43,'SP_Message_Update','修改消息','消息','修改消息');  SELECT @i + 43;
INSERT INTO T_Permission (F_ID, F_SP, F_Name, F_Domain, F_Remark) VALUES (44,'SP_MessageCategory_RetrieveN','查询多个消息类型','消息','查询多个消息类型');  SELECT @i + 44;
INSERT INTO T_Permission (F_ID, F_SP, F_Name, F_Domain, F_Remark) VALUES (45,'SP_MessageHandlerSetting_Create','添加消息处理配置','消息','添加消息处理配置');  SELECT @i + 45;
INSERT INTO T_Permission (F_ID, F_SP, F_Name, F_Domain, F_Remark) VALUES (46,'SP_MessageHandlerSetting_Delete','删除消息处理配置','消息','删除消息处理配置');  SELECT @i + 46;
INSERT INTO T_Permission (F_ID, F_SP, F_Name, F_Domain, F_Remark) VALUES (47,'SP_MessageHandlerSetting_Retrieve1','查询单个消息处理配置','消息','查询单个消息处理配置');  SELECT @i + 47;
INSERT INTO T_Permission (F_ID, F_SP, F_Name, F_Domain, F_Remark) VALUES (48,'SP_MessageHandlerSetting_RetrieveN','查询多个消息处理配置','消息','查询多个消息处理配置');  SELECT @i + 48;
INSERT INTO T_Permission (F_ID, F_SP, F_Name, F_Domain, F_Remark) VALUES (49,'SP_MessageHandlerSetting_Update','修改消息处理配置','消息','修改消息处理配置');  SELECT @i + 49;
INSERT INTO T_Permission (F_ID, F_SP, F_Name, F_Domain, F_Remark) VALUES (50,'SP_PackageUnit_Create','添加包装单位','包装单位','添加包装单位');  SELECT @i + 50;
INSERT INTO T_Permission (F_ID, F_SP, F_Name, F_Domain, F_Remark) VALUES (51,'SP_PackageUnit_Delete','删除包装单位','包装单位','删除包装单位');  SELECT @i + 51;
INSERT INTO T_Permission (F_ID, F_SP, F_Name, F_Domain, F_Remark) VALUES (52,'SP_PackageUnit_Retrieve1','查询单个包装单位','包装单位','查询单个包装单位');  SELECT @i + 52;
INSERT INTO T_Permission (F_ID, F_SP, F_Name, F_Domain, F_Remark) VALUES (53,'SP_PackageUnit_RetrieveN','查询多个包装单位','包装单位','查询多个包装单位');  SELECT @i + 53;
INSERT INTO T_Permission (F_ID, F_SP, F_Name, F_Domain, F_Remark) VALUES (54,'SP_PackageUnit_Update','修改包装单位','包装单位','修改包装单位');  SELECT @i + 54;
INSERT INTO T_Permission (F_ID, F_SP, F_Name, F_Domain, F_Remark) VALUES (55,'SP_Permission_Create','添加权限','权限','添加权限');  SELECT @i + 55;
INSERT INTO T_Permission (F_ID, F_SP, F_Name, F_Domain, F_Remark) VALUES (56,'SP_Permission_Delete','删除权限','权限','删除权限');  SELECT @i + 56;
INSERT INTO T_Permission (F_ID, F_SP, F_Name, F_Domain, F_Remark) VALUES (57,'SP_Permission_RetrieveAlsoRoleStaff','查询拥有该权限的角色和用户','权限','查询拥有该权限的角色和用户');  SELECT @i + 57;
INSERT INTO T_Permission (F_ID, F_SP, F_Name, F_Domain, F_Remark) VALUES (58,'SP_Permission_RetrieveN','查询多个权限','权限','查询多个权限');  SELECT @i + 58;
INSERT INTO T_Permission (F_ID, F_SP, F_Name, F_Domain, F_Remark) VALUES (59,'SP_POS_Create','添加pos机','pos','添加pos机');  SELECT @i + 59;
INSERT INTO T_Permission (F_ID, F_SP, F_Name, F_Domain, F_Remark) VALUES (60,'SP_POS_Retrieve1','查询单个pos机','pos','查询单个pos机');  SELECT @i + 60;
INSERT INTO T_Permission (F_ID, F_SP, F_Name, F_Domain, F_Remark) VALUES (61,'SP_POS_RetrieveN','查询多个pos机','pos','查询多个pos机');  SELECT @i + 61;
INSERT INTO T_Permission (F_ID, F_SP, F_Name, F_Domain, F_Remark) VALUES (62,'SP_POS_Update','修改pos机信息','pos','修改pos机信息');  SELECT @i + 62;
INSERT INTO T_Permission (F_ID, F_SP, F_Name, F_Domain, F_Remark) VALUES (63,'SP_Promotion_Create','添加促销','促销','添加促销');  SELECT @i + 63;
INSERT INTO T_Permission (F_ID, F_SP, F_Name, F_Domain, F_Remark) VALUES (64,'SP_Promotion_Delete','删除促销','促销','删除促销');  SELECT @i + 64;
INSERT INTO T_Permission (F_ID, F_SP, F_Name, F_Domain, F_Remark) VALUES (65,'SP_Promotion_RetrieveN','查询多个促销','促销','查询多个促销');  SELECT @i + 65;
INSERT INTO T_Permission (F_ID, F_SP, F_Name, F_Domain, F_Remark) VALUES (66,'SP_PromotionScope_Create','添加促销信息','促销','添加促销信息');  SELECT @i + 66;
INSERT INTO T_Permission (F_ID, F_SP, F_Name, F_Domain, F_Remark) VALUES (67,'SP_PromotionScope_RetrieveN','查询多个促销信息','促销','查询多个促销信息');  SELECT @i + 67;
INSERT INTO T_Permission (F_ID, F_SP, F_Name, F_Domain, F_Remark) VALUES (68,'SP_Provider_Create','添加供应商','供应商','添加供应商');  SELECT @i + 68;
INSERT INTO T_Permission (F_ID, F_SP, F_Name, F_Domain, F_Remark) VALUES (69,'SP_Provider_Delete','删除供应商','供应商','删除供应商');  SELECT @i + 69;
INSERT INTO T_Permission (F_ID, F_SP, F_Name, F_Domain, F_Remark) VALUES (70,'SP_Provider_Retrieve1','查询单个供应商','供应商','查询单个供应商');  SELECT @i + 70;
INSERT INTO T_Permission (F_ID, F_SP, F_Name, F_Domain, F_Remark) VALUES (71,'SP_Provider_RetrieveN','查询多个供应商','供应商','查询多个供应商');  SELECT @i + 71;
INSERT INTO T_Permission (F_ID, F_SP, F_Name, F_Domain, F_Remark) VALUES (72,'SP_Provider_RetrieveNByFields','模糊查询供应商','供应商','模糊查询供应商');  SELECT @i + 72;
INSERT INTO T_Permission (F_ID, F_SP, F_Name, F_Domain, F_Remark) VALUES (73,'SP_Provider_Update','修改供应商信息','供应商','修改供应商信息');  SELECT @i + 73;
INSERT INTO T_Permission (F_ID, F_SP, F_Name, F_Domain, F_Remark) VALUES (74,'SP_ProviderCommodity_Create','添加商品与供应商绑定','供应商','添加商品与供应商绑定');  SELECT @i + 74;
INSERT INTO T_Permission (F_ID, F_SP, F_Name, F_Domain, F_Remark) VALUES (75,'SP_ProviderCommodity_Delete','删除商品与供应商绑定','供应商','删除商品与供应商绑定');  SELECT @i + 75;
INSERT INTO T_Permission (F_ID, F_SP, F_Name, F_Domain, F_Remark) VALUES (76,'SP_ProviderCommodity_RetrieveN','查询多个商品与供应商绑定','供应商','查询多个商品与供应商绑定');  SELECT @i + 76;
INSERT INTO T_Permission (F_ID, F_SP, F_Name, F_Domain, F_Remark) VALUES (77,'SP_ProviderDistrict_Create','添加供应商区域','供应商','添加供应商区域');  SELECT @i + 77;
INSERT INTO T_Permission (F_ID, F_SP, F_Name, F_Domain, F_Remark) VALUES (78,'SP_ProviderDistrict_Delete','删除供应商区域','供应商','删除供应商区域');  SELECT @i + 78;
INSERT INTO T_Permission (F_ID, F_SP, F_Name, F_Domain, F_Remark) VALUES (79,'SP_ProviderDistrict_Retrieve1','查询单个供应商区域','供应商','查询单个供应商区域');  SELECT @i + 79;
INSERT INTO T_Permission (F_ID, F_SP, F_Name, F_Domain, F_Remark) VALUES (80,'SP_ProviderDistrict_RetrieveN','查询多个供应商区域','供应商','查询多个供应商区域');  SELECT @i + 80;
INSERT INTO T_Permission (F_ID, F_SP, F_Name, F_Domain, F_Remark) VALUES (81,'SP_ProviderDistrict_Update','修改供应商区域信息','供应商','修改供应商区域信息');  SELECT @i + 81;
INSERT INTO T_Permission (F_ID, F_SP, F_Name, F_Domain, F_Remark) VALUES (82,'SP_PurchasingOrder_Approve','审核采购单','采购','审核采购单');  SELECT @i + 82;
INSERT INTO T_Permission (F_ID, F_SP, F_Name, F_Domain, F_Remark) VALUES (83,'SP_PurchasingOrder_Create','添加采购单','采购','添加采购单');  SELECT @i + 83;
INSERT INTO T_Permission (F_ID, F_SP, F_Name, F_Domain, F_Remark) VALUES (84,'SP_PurchasingOrder_Delete','删除采购单','采购','删除采购单');  SELECT @i + 84;
INSERT INTO T_Permission (F_ID, F_SP, F_Name, F_Domain, F_Remark) VALUES (85,'SP_PurchasingOrder_Retrieve1','查询单个采购单','采购','查询单个采购单');  SELECT @i + 85;
INSERT INTO T_Permission (F_ID, F_SP, F_Name, F_Domain, F_Remark) VALUES (86,'SP_PurchasingOrder_RetrieveN','查询多个采购单','采购','查询多个采购单');  SELECT @i + 86;
INSERT INTO T_Permission (F_ID, F_SP, F_Name, F_Domain, F_Remark) VALUES (87,'SP_PurchasingOrder_Update','修改采购单信息','采购','修改采购单信息');  SELECT @i + 87;
INSERT INTO T_Permission (F_ID, F_SP, F_Name, F_Domain, F_Remark) VALUES (88,'SP_PurchasingOrder_UpdateStatus','修改采购单状态','采购','修改采购单状态');  SELECT @i + 88;
INSERT INTO T_Permission (F_ID, F_SP, F_Name, F_Domain, F_Remark) VALUES (89,'SP_PurchasingOrderCommodity_Create','添加采购单商品','采购','添加采购单商品');  SELECT @i + 89;
INSERT INTO T_Permission (F_ID, F_SP, F_Name, F_Domain, F_Remark) VALUES (90,'SP_PurchasingOrderCommodity_Delete','删除采购单商品','采购','删除采购单商品');  SELECT @i + 90;
INSERT INTO T_Permission (F_ID, F_SP, F_Name, F_Domain, F_Remark) VALUES (91,'SP_PurchasingOrderCommodity_RetrieveN','查询多个采购单商品','采购','查询多个采购单商品');  SELECT @i + 91;
INSERT INTO T_Permission (F_ID, F_SP, F_Name, F_Domain, F_Remark) VALUES (92,'SP_RetailTrade_RetrieveOldTrade','根据条件查询零售单','零售单','根据条件查询零售单');  SELECT @i + 92;
INSERT INTO T_Permission (F_ID, F_SP, F_Name, F_Domain, F_Remark) VALUES (93,'SP_RetailTrade_UploadTrade','修改零售单','零售单','修改零售单');  SELECT @i + 93;
INSERT INTO T_Permission (F_ID, F_SP, F_Name, F_Domain, F_Remark) VALUES (94,'SP_RetailTradeAggregation_Create','添加收银汇总','零售单','添加收银汇总');  SELECT @i + 94;
INSERT INTO T_Permission (F_ID, F_SP, F_Name, F_Domain, F_Remark) VALUES (95,'SP_RetailTradeCommodity_delete','删除零售单商品','零售单','删除零售单商品');  SELECT @i + 95;
INSERT INTO T_Permission (F_ID, F_SP, F_Name, F_Domain, F_Remark) VALUES (96,'SP_RetailTradeCommodity_RetrieveNTradeCommodity','查询多个零售单商品','零售单','查询多个零售单商品');  SELECT @i + 96;
INSERT INTO T_Permission (F_ID, F_SP, F_Name, F_Domain, F_Remark) VALUES (97,'SP_RetailTradeCommodity_UploadTrade_CreateCommodity','添加零售单商品','零售单','添加零售单商品');  SELECT @i + 97;
INSERT INTO T_Permission (F_ID, F_SP, F_Name, F_Domain, F_Remark) VALUES (98,'SP_RetailTradePromoting_Create','添加零售单促销表单','零售单','添加零售单促销表单');  SELECT @i + 98;
INSERT INTO T_Permission (F_ID, F_SP, F_Name, F_Domain, F_Remark) VALUES (99,'SP_RetailTradePromoting_Retrieve1','查询单个零售单促销表单','零售单','查询单个零售单促销表单');  SELECT @i + 99;
INSERT INTO T_Permission (F_ID, F_SP, F_Name, F_Domain, F_Remark) VALUES (100,'SP_ReturnCommoditySheet_Approve','审核退货单','退货单','审核退货单');  SELECT @i + 100;
INSERT INTO T_Permission (F_ID, F_SP, F_Name, F_Domain, F_Remark) VALUES (101,'SP_ReturnCommoditySheet_Create','添加退货单','退货单','添加退货单');  SELECT @i + 101;
INSERT INTO T_Permission (F_ID, F_SP, F_Name, F_Domain, F_Remark) VALUES (102,'SP_ReturnCommoditySheet_Retrieve1','查询单个退货单','退货单','查询单个退货单');  SELECT @i + 102;
INSERT INTO T_Permission (F_ID, F_SP, F_Name, F_Domain, F_Remark) VALUES (103,'SP_ReturnCommoditySheet_RetrieveN','查询多个退货单','退货单','查询多个退货单');  SELECT @i + 103;
INSERT INTO T_Permission (F_ID, F_SP, F_Name, F_Domain, F_Remark) VALUES (104,'SP_ReturnCommoditySheet_Update','修改退货单信息','退货单','修改退货单信息');  SELECT @i + 104;
INSERT INTO T_Permission (F_ID, F_SP, F_Name, F_Domain, F_Remark) VALUES (105,'SP_Role_Create','添加角色','角色','添加角色');  SELECT @i + 105;
INSERT INTO T_Permission (F_ID, F_SP, F_Name, F_Domain, F_Remark) VALUES (106,'SP_Role_Delete','删除角色','角色','删除角色');  SELECT @i + 106;
INSERT INTO T_Permission (F_ID, F_SP, F_Name, F_Domain, F_Remark) VALUES (107,'SP_Role_RetrieveAlsoStaff','查询拥有该角色的用户','角色','查询拥有该角色的用户');  SELECT @i + 107;
INSERT INTO T_Permission (F_ID, F_SP, F_Name, F_Domain, F_Remark) VALUES (108,'SP_Role_RetrieveN','查询多个角色','角色','查询多个角色');  SELECT @i + 108;
INSERT INTO T_Permission (F_ID, F_SP, F_Name, F_Domain, F_Remark) VALUES (109,'SP_Role_Update','修改角色信息','角色','修改角色信息');  SELECT @i + 109;
INSERT INTO T_Permission (F_ID, F_SP, F_Name, F_Domain, F_Remark) VALUES (110,'SP_RolePermission_Delete','删除角色权限','角色','删除角色权限');  SELECT @i + 110;
INSERT INTO T_Permission (F_ID, F_SP, F_Name, F_Domain, F_Remark) VALUES (111,'SP_SmallSheetFrame_Create','添加小票','小票','添加小票');  SELECT @i + 111;
INSERT INTO T_Permission (F_ID, F_SP, F_Name, F_Domain, F_Remark) VALUES (112,'SP_SmallSheetFrame_Delete','删除小票','小票','删除小票');  SELECT @i + 112;
INSERT INTO T_Permission (F_ID, F_SP, F_Name, F_Domain, F_Remark) VALUES (113,'SP_SmallSheetFrame_Retrieve1','查询单个小票','小票','查询单个小票');  SELECT @i + 113;
INSERT INTO T_Permission (F_ID, F_SP, F_Name, F_Domain, F_Remark) VALUES (114,'SP_SmallSheetFrame_RetrieveN','查询多个小票','小票','查询多个小票');  SELECT @i + 114;
INSERT INTO T_Permission (F_ID, F_SP, F_Name, F_Domain, F_Remark) VALUES (115,'SP_SmallSheetFrame_Update','修改小票信息','小票','修改小票信息');  SELECT @i + 115;
INSERT INTO T_Permission (F_ID, F_SP, F_Name, F_Domain, F_Remark) VALUES (116,'SP_SmallSheetText_Create','添加小票格式','小票','添加小票格式');  SELECT @i + 116;
INSERT INTO T_Permission (F_ID, F_SP, F_Name, F_Domain, F_Remark) VALUES (117,'SP_SmallSheetText_Delete','删除小票格式','小票','删除小票格式');  SELECT @i + 117;
INSERT INTO T_Permission (F_ID, F_SP, F_Name, F_Domain, F_Remark) VALUES (118,'SP_SmallSheetText_RetrieveN','查询多个小票格式','小票','查询多个小票格式');  SELECT @i + 118;
INSERT INTO T_Permission (F_ID, F_SP, F_Name, F_Domain, F_Remark) VALUES (119,'SP_SmallSheetText_Update','修改小票格式','小票','修改小票格式');  SELECT @i + 119;
INSERT INTO T_Permission (F_ID, F_SP, F_Name, F_Domain, F_Remark) VALUES (120,'SP_Staff_Create','添加用户','用户','添加用户');  SELECT @i + 120;
INSERT INTO T_Permission (F_ID, F_SP, F_Name, F_Domain, F_Remark) VALUES (121,'SP_Staff_Delete','删除用户','用户','删除用户');  SELECT @i + 121;
INSERT INTO T_Permission (F_ID, F_SP, F_Name, F_Domain, F_Remark) VALUES (122,'SP_Staff_Retrieve1','查询单个用户','用户','查询单个用户');  SELECT @i + 122;
INSERT INTO T_Permission (F_ID, F_SP, F_Name, F_Domain, F_Remark) VALUES (123,'SP_Staff_RetrieveN','查询多个用户','用户','查询多个用户');  SELECT @i + 123;
INSERT INTO T_Permission (F_ID, F_SP, F_Name, F_Domain, F_Remark) VALUES (124,'SP_Staff_Update','修改用户信息','用户','修改用户信息');  SELECT @i + 124;
INSERT INTO T_Permission (F_ID, F_SP, F_Name, F_Domain, F_Remark) VALUES (125,'SP_Subcommodity_Create','添加组合商品','商品','添加组合商品');  SELECT @i + 125;
INSERT INTO T_Permission (F_ID, F_SP, F_Name, F_Domain, F_Remark) VALUES (126,'SP_Subcommodity_Delete','删除组合商品','商品','删除组合商品');  SELECT @i + 126;
INSERT INTO T_Permission (F_ID, F_SP, F_Name, F_Domain, F_Remark) VALUES (127,'SP_Subcommodity_RetrieveN','查询多个组合商品','商品','查询多个组合商品');  SELECT @i + 127;
INSERT INTO T_Permission (F_ID, F_SP, F_Name, F_Domain, F_Remark) VALUES (128,'SP_VIP_Create','添加VIP','VIP','添加VIP');  SELECT @i + 128;
INSERT INTO T_Permission (F_ID, F_SP, F_Name, F_Domain, F_Remark) VALUES (129,'SP_VIP_Delete','删除VIP','VIP','删除VIP');  SELECT @i + 129;
INSERT INTO T_Permission (F_ID, F_SP, F_Name, F_Domain, F_Remark) VALUES (130,'SP_VIP_Retrieve1','查询单个VIP信息','VIP','查询单个VIP信息');  SELECT @i + 130;
INSERT INTO T_Permission (F_ID, F_SP, F_Name, F_Domain, F_Remark) VALUES (131,'SP_VIP_RetrieveN','查询多个VIP信息','VIP','查询多个VIP信息');  SELECT @i + 131;
INSERT INTO T_Permission (F_ID, F_SP, F_Name, F_Domain, F_Remark) VALUES (132,'SP_VIP_RetrieveNByMobileOrVipCardSN','根据手机和会员卡卡号查询VIP信息','VIP','根据手机和会员卡卡号查询VIP信息');  SELECT @i + 132;
INSERT INTO T_Permission (F_ID, F_SP, F_Name, F_Domain, F_Remark) VALUES (133,'SP_VIP_Update','修改VIP信息','VIP','修改VIP信息');  SELECT @i + 133;
INSERT INTO T_Permission (F_ID, F_SP, F_Name, F_Domain, F_Remark) VALUES (134,'SP_VIPCategory_Create','添加VIP类别','VIP','添加VIP类别');  SELECT @i + 134;
INSERT INTO T_Permission (F_ID, F_SP, F_Name, F_Domain, F_Remark) VALUES (135,'SP_VIPCategory_Delete','删除VIP类别','VIP','删除VIP类别');  SELECT @i + 135;
INSERT INTO T_Permission (F_ID, F_SP, F_Name, F_Domain, F_Remark) VALUES (136,'SP_VIPCategory_Retrieve1','查询一个VIP类别','VIP','查询一个VIP类别');  SELECT @i + 136;
INSERT INTO T_Permission (F_ID, F_SP, F_Name, F_Domain, F_Remark) VALUES (137,'SP_VIPCategory_RetrieveN','查询多个VIP类别','VIP','查询多个VIP类别');  SELECT @i + 137;
INSERT INTO T_Permission (F_ID, F_SP, F_Name, F_Domain, F_Remark) VALUES (138,'SP_VIPCategory_Update','修改VIP类别','VIP','修改VIP类别');  SELECT @i + 138;
INSERT INTO T_Permission (F_ID, F_SP, F_Name, F_Domain, F_Remark) VALUES (139,'SP_Warehouse_Create','添加仓库','VIP','添加仓库');  SELECT @i + 139;
INSERT INTO T_Permission (F_ID, F_SP, F_Name, F_Domain, F_Remark) VALUES (140,'SP_Warehouse_Delete','删除仓库','仓库','删除仓库');  SELECT @i + 140;
INSERT INTO T_Permission (F_ID, F_SP, F_Name, F_Domain, F_Remark) VALUES (141,'SP_Warehouse_Retrieve1','查询单个仓库','仓库','查询单个仓库');  SELECT @i + 141;
INSERT INTO T_Permission (F_ID, F_SP, F_Name, F_Domain, F_Remark) VALUES (142,'SP_Warehouse_RetrieveInventory','查询该仓库的库存总额和最大库存商品','仓库','查询该仓库的库存总额和最大库存商品');  SELECT @i + 142;
INSERT INTO T_Permission (F_ID, F_SP, F_Name, F_Domain, F_Remark) VALUES (143,'SP_Warehouse_RetrieveN','模糊查询仓库','仓库','模糊查询仓库');  SELECT @i + 143;
INSERT INTO T_Permission (F_ID, F_SP, F_Name, F_Domain, F_Remark) VALUES (144,'SP_Warehouse_Update','修改仓库信息','仓库','修改仓库信息');  SELECT @i + 144;
INSERT INTO T_Permission (F_ID, F_SP, F_Name, F_Domain, F_Remark) VALUES (145,'SP_Warehousing_Approve','审核入库单','入库','审核入库单');  SELECT @i + 145;
INSERT INTO T_Permission (F_ID, F_SP, F_Name, F_Domain, F_Remark) VALUES (146,'SP_Warehousing_Create','添加入库单','入库','添加入库单');  SELECT @i + 146;
INSERT INTO T_Permission (F_ID, F_SP, F_Name, F_Domain, F_Remark) VALUES (147,'SP_Warehousing_Retrieve1','查询单个入库单','入库','查询单个入库单');  SELECT @i + 147;
INSERT INTO T_Permission (F_ID, F_SP, F_Name, F_Domain, F_Remark) VALUES (148,'SP_Warehousing_Retrieve1OrderID','根据采购单查询入库单','入库','根据采购单查询入库单');  SELECT @i + 148;
INSERT INTO T_Permission (F_ID, F_SP, F_Name, F_Domain, F_Remark) VALUES (149,'SP_Warehousing_RetrieveN','查询多个入库单','入库','查询多个入库单');  SELECT @i + 149;
INSERT INTO T_Permission (F_ID, F_SP, F_Name, F_Domain, F_Remark) VALUES (150,'SP_Warehousing_UpdateCommodity','修改入库单商品','入库','修改入库单商品');  SELECT @i + 150;
INSERT INTO T_Permission (F_ID, F_SP, F_Name, F_Domain, F_Remark) VALUES (151,'SP_WarehousingCommodity_Create','添加入库单商品','入库','添加入库单商品');  SELECT @i + 151;
INSERT INTO T_Permission (F_ID, F_SP, F_Name, F_Domain, F_Remark) VALUES (152,'SP_WarehousingCommodity_RetrieveN','查询多个入库单商品','入库','查询多个入库单商品');  SELECT @i + 152;
INSERT INTO T_Permission (F_ID, F_SP, F_Name, F_Domain, F_Remark) VALUES (153,'SP_WarehousingCommodity_Update','修改入库单商品','入库','修改入库单商品');  SELECT @i + 153;
INSERT INTO T_Permission (F_ID, F_SP, F_Name, F_Domain, F_Remark) VALUES (154,'SP_Staff_ResetPassword','修改员工密码','用户','修改员工密码');  SELECT @i + 154;
INSERT INTO T_Permission (F_ID, F_SP, F_Name, F_Domain, F_Remark) VALUES (155,'SP_Shop_RetrieveN','查询多个门店','门店','查询多个门店');  SELECT @i + 155;
INSERT INTO T_Permission (F_ID, F_SP, F_Name, F_Domain, F_Remark) VALUES (156,'SP_Department_RetrieveN','查询多个部门','部门','查询多个部门');  SELECT @i + 156;
INSERT INTO T_Permission (F_ID, F_SP, F_Name, F_Domain, F_Remark) VALUES (157,'SP_PurchasingOrder_RetrieveNByFields','模糊查询采购单','采购','模糊查询采购单');  SELECT @i + 157;
INSERT INTO T_Permission (F_ID, F_SP, F_Name, F_Domain, F_Remark) VALUES (158,'SP_Commodity_UpdatePurchasingUnit','修改商品包装单位','商品','修改商品包装单位');  SELECT @i + 158;
INSERT INTO T_Permission (F_ID, F_SP, F_Name, F_Domain, F_Remark) VALUES (159,'SP_StaffRole_RetrieveN','模糊查询角色权限','角色','模糊查询角色权限');  SELECT @i + 159;
INSERT INTO T_Permission (F_ID, F_SP, F_Name, F_Domain, F_Remark) VALUES (160,'SP_StaffRole_Retrieve1','查询单个角色权限','角色','查询单个角色权限');  SELECT @i + 160;
INSERT INTO T_Permission (F_ID, F_SP, F_Name, F_Domain, F_Remark) VALUES (161,'SP_CommodityProperty_Retrieve1','查询单个角色属性','商品属性','查询单个角色属性');  SELECT @i + 161;
INSERT INTO T_Permission (F_ID, F_SP, F_Name, F_Domain, F_Remark) VALUES (162,'SP_RetailTrade_Retrieve1','查询单个零售单','零售单','查询单个零售单');  SELECT @i + 162;
INSERT INTO T_Permission (F_ID, F_SP, F_Name, F_Domain, F_Remark) VALUES (163,'SP_RefCommodityHub_RetrieveN','查询多个参照商品','参照商品','查询多个参照商品');  SELECT @i + 163;
INSERT INTO T_Permission (F_ID, F_SP, F_Name, F_Domain, F_Remark) VALUES (164,'SP_Report_Warehousing','查看进货报表','进货报表','查看进货报表');  SELECT @i + 164;
INSERT INTO T_Permission (F_ID, F_SP, F_Name, F_Domain, F_Remark) VALUES (165,'SP_PurchasingOrderCommodity_RetrieveNWarehousing','查看采购订单的入库情况','采购订单','查看采购订单的入库情况');  SELECT @i + 165;
INSERT INTO T_Permission (F_ID, F_SP, F_Name, F_Domain, F_Remark) VALUES (166,'SP_Category_Retrieve1','查询单个商品类别','商品类别','查询单个商品类别');  SELECT @i + 166;
INSERT INTO T_Permission (F_ID, F_SP, F_Name, F_Domain, F_Remark) VALUES (167,'SP_Barcodes_Retrieve1','查询单个条形码','条形码','查询单个条形码');  SELECT @i + 167;
INSERT INTO T_Permission (F_ID, F_SP, F_Name, F_Domain, F_Remark) VALUES (168,'SP_Warehousing_RetrieveNByFields','入库单模糊查询','入库单','入库单模糊查询');  SELECT @i + 168;
INSERT INTO T_Permission (F_ID, F_SP, F_Name, F_Domain, F_Remark) VALUES (169,'SP_Warehousing_Delete','删除入库单','入库单','删除入库单');  SELECT @i + 169;
INSERT INTO T_Permission (F_ID, F_SP, F_Name, F_Domain, F_Remark) VALUES (170,'SP_CommodityProperty_Update','修改单个商品属性','商品属性','修改单个商品属性');  SELECT @i + 170;
INSERT INTO T_Permission (F_ID, F_SP, F_Name, F_Domain, F_Remark) VALUES (171,'SP_WarehousingCommodity_Delete','删除入库单商品','入库单商品','删除入库单商品');  SELECT @i + 171;
INSERT INTO T_Permission (F_ID, F_SP, F_Name, F_Domain, F_Remark) VALUES (172,'SP_Warehousing_Update','修改入库单','入库单','修改入库单');  SELECT @i + 172;
INSERT INTO T_Permission (F_ID, F_SP, F_Name, F_Domain, F_Remark) VALUES (173,'SP_ConfigGeneral_Update','修改普通配置','普通配置','修改普通配置');  SELECT @i + 173;
INSERT INTO T_Permission (F_ID, F_SP, F_Name, F_Domain, F_Remark) VALUES (174,'SP_Commodity_DeleteSimple','只删除单品','商品','只删除单品');  SELECT @i + 174;
INSERT INTO T_Permission (F_ID, F_SP, F_Name, F_Domain, F_Remark) VALUES (175,'SP_Barcodes_DeleteBySimpleCommodityID','只能删除单品的条形码','条形码','只能删除单品的条形码');  SELECT @i + 175;
INSERT INTO T_Permission (F_ID, F_SP, F_Name, F_Domain, F_Remark) VALUES (176,'SP_InventoryCommodity_UpdateNoReal','只修改盘点单商品的实盘数量','盘点单商品','只修改盘点单商品的实盘数量');  SELECT @i + 176;
INSERT INTO T_Permission (F_ID, F_SP, F_Name, F_Domain, F_Remark) VALUES (177,'SP_Commodity_DeleteCombination','只用于删除组合型商品','商品','只用于删除组合型商品');  SELECT @i + 177;
INSERT INTO T_Permission (F_ID, F_SP, F_Name, F_Domain, F_Remark) VALUES (178,'SP_Barcodes_DeleteByCombinationCommodityID','只能删除组合商品的条形码','条形码','只能删除组合商品的条形码');  SELECT @i + 178;
INSERT INTO T_Permission (F_ID, F_SP, F_Name, F_Domain, F_Remark) VALUES (179,'SP_Commodity_DeleteMultiPackaging','只能用于删除多包装商品','商品','只能用于删除多包装商品');  SELECT @i + 179;
INSERT INTO T_Permission (F_ID, F_SP, F_Name, F_Domain, F_Remark) VALUES (180,'SP_Barcodes_DeleteByMultiPackagingCommodityID','只能用于删除多包装商品条形码','条形码','只能用于删除多包装商品条形码');  SELECT @i + 180;
INSERT INTO T_Permission (F_ID, F_SP, F_Name, F_Domain, F_Remark) VALUES (181,'SP_WxUser_Create','创建微信用户信息','微信信息','创建微信用户信息');  SELECT @i + 181;
INSERT INTO T_Permission (F_ID, F_SP, F_Name, F_Domain, F_Remark) VALUES (182,'SP_WxUser_Delete','删除微信用户信息','微信信息','删除微信用户信息');  SELECT @i + 182;
INSERT INTO T_Permission (F_ID, F_SP, F_Name, F_Domain, F_Remark) VALUES (183,'SP_RetailTradeReportByCommodity_RetrieveN','查询销售报表所有数据','销售报表','查询销售报表所有数据');  SELECT @i + 183;
INSERT INTO T_Permission (F_ID, F_SP, F_Name, F_Domain, F_Remark) VALUES (184,'SP_Promotion_Update','用于更新促销满减折扣信息','促销','用于更新促销满减折扣信息');  SELECT @i + 184;
INSERT INTO T_Permission (F_ID, F_SP, F_Name, F_Domain, F_Remark) VALUES (185,'SP_RetailTradeDailyReportByCommodity_RetrieveN','查询销售报表数据','销售报表','查询销售报表数据');  SELECT @i + 185;
INSERT INTO T_Permission (F_ID, F_SP, F_Name, F_Domain, F_Remark) VALUES (186,'SP_Staff_Update_OpenidAndUnionid','更新openid以及unionid字段','用户','更新openid以及unionid字段');  SELECT @i + 186;
INSERT INTO T_Permission (F_ID, F_SP, F_Name, F_Domain, F_Remark) VALUES (187,'SP_POS_Retrieve1BySN','通过POS_SN查找POS','POS','通过POS_SN查找POS');  SELECT @i + 187;
INSERT INTO T_Permission (F_ID, F_SP, F_Name, F_Domain, F_Remark) VALUES (188,'SP_Company_Create','BX给门店老板开户','用户','BX给门店老板开户');  SELECT @i + 188;
INSERT INTO T_Permission (F_ID, F_SP, F_Name, F_Domain, F_Remark) VALUES (189,'SP_VipConsumeHistory_RetrieveN','根据VipID查询零售单','会员','根据VipID查询零售单');  SELECT @i + 189;
INSERT INTO T_Permission (F_ID, F_SP, F_Name, F_Domain, F_Remark) VALUES (190,'SP_POS_Delete','删除POS','POS','删除POS');  SELECT @i + 190;
INSERT INTO T_Permission (F_ID, F_SP, F_Name, F_Domain, F_Remark) VALUES (191,'SP_Category_RetrieveNByParent','根据大类id查询小类的信息','分类','根据大类id查询小类的信息');  SELECT @i + 191;
INSERT INTO T_Permission (F_ID, F_SP, F_Name, F_Domain, F_Remark) VALUES (192,'SP_Shop_Create','创建一个门店','门店','创建一个门店');  SELECT @i + 192;
INSERT INTO T_Permission (F_ID, F_SP, F_Name, F_Domain, F_Remark) VALUES (193,'SP_RetailTradePromotingFlow_Create','创建一个促销的详细计算过程','促销','创建一个促销的详细计算过程');  SELECT @i + 193;
INSERT INTO T_Permission (F_ID, F_SP, F_Name, F_Domain, F_Remark) VALUES (194,'SP_RetailTradePromotingFlow_RetrieveN','查询一个促销的详细计算过程','促销','查询一个促销的详细计算过程');  SELECT @i + 194;
INSERT INTO T_Permission (F_ID, F_SP, F_Name, F_Domain, F_Remark) VALUES (195,'SP_RetailTradeDailyReportSummary_RetrieveNForChart','查询一个时间段内的销售总额、销售毛利','零售单报表','查询一个时间段内的销售总额、销售毛利');  SELECT @i + 195;
INSERT INTO T_Permission (F_ID, F_SP, F_Name, F_Domain, F_Remark) VALUES (196,'SP_Shop_Delete','删除一个门店','门店','删除一个门店');  SELECT @i + 196;
INSERT INTO T_Permission (F_ID, F_SP, F_Name, F_Domain, F_Remark) VALUES (197,'SP_Shop_Retrieve1','查询一个门店','门店','查询一个门店');  SELECT @i + 197;
INSERT INTO T_Permission (F_ID, F_SP, F_Name, F_Domain, F_Remark) VALUES (198,'SP_Shop_Update','修改一个门店','门店','修改一个门店');  SELECT @i + 198;
INSERT INTO T_Permission (F_ID, F_SP, F_Name, F_Domain, F_Remark) VALUES (199,'SP_RetailTradeMonthlyReportSummary_Create','将每月的销售数据进行汇总插入月报表','销售报表','将每月的销售数据进行汇总插入月报表');  SELECT @i + 199;
INSERT INTO T_Permission (F_ID, F_SP, F_Name, F_Domain, F_Remark) VALUES (200,'SP_RetailTradeMonthlyReportSummary_RetrieveN','查询月报表数据','销售报表','查询月报表数据');  SELECT @i + 200;
INSERT INTO T_Permission (F_ID, F_SP, F_Name, F_Domain, F_Remark) VALUES (201,'SP_Message_RetrieveNForWx','查询多个消息','消息','查询多个消息');  SELECT @i + 201;
INSERT INTO T_Permission (F_ID, F_SP, F_Name, F_Domain, F_Remark) VALUES (202,'SP_Message_UpdateStatus','更新发送给客户的微信消息的状态','消息','更新发送给客户的微信消息的状态');  SELECT @i + 202;
INSERT INTO T_Permission (F_ID, F_SP, F_Name, F_Domain, F_Remark) VALUES (203,'SP_POS_Reset','重置一个POS机','POS','重置一个POS机');  SELECT @i + 203;
INSERT INTO T_Permission (F_ID, F_SP, F_Name, F_Domain, F_Remark) VALUES (204,'SP_RetailTradeDailyReportByStaff_Create','创建员工业绩报表','零售单','创建员工业绩报表');  SELECT @i + 204;
INSERT INTO T_Permission (F_ID, F_SP, F_Name, F_Domain, F_Remark) VALUES (205,'SP_RetailTradeDailyReportByStaff_RetrieveN','查询员工业绩报表','零售单','查询员工业绩报表');  SELECT @i + 205;
INSERT INTO T_Permission (F_ID, F_SP, F_Name, F_Domain, F_Remark) VALUES (206,'SP_Commodity_RetrieveN_CheckUniqueField','查询商品名称是否已存在','商品','查询商品名称是否已存在');  SELECT @i + 206;
INSERT INTO T_Permission (F_ID, F_SP, F_Name, F_Domain, F_Remark) VALUES (207,'SP_Staff_RetrieveN_CheckUniqueField.sql','检查员工唯一字段是否已存在','员工','检查员工唯一字段是否已存在');  SELECT @i + 207;
INSERT INTO T_Permission (F_ID, F_SP, F_Name, F_Domain, F_Remark) VALUES (208,'SP_ReturnCommoditySheetCommodity_Create','创建退货单商品表','退货单','创建退货单商品表');  SELECT @i + 208;
INSERT INTO T_Permission (F_ID, F_SP, F_Name, F_Domain, F_Remark) VALUES (209,'SP_ReturnCommoditySheetCommodity_RetrieveN','查询一个退货单的多个退货单商品表','退货单','查询一个退货单的多个退货单商品表');  SELECT @i + 209;
INSERT INTO T_Permission (F_ID, F_SP, F_Name, F_Domain, F_Remark) VALUES (210,'SP_ReturnCommoditySheetCommodity_Delete','删除一张退货单的一条或所有退货单商品表数据','退货单','删除一张退货单的一条或所有退货单商品表数据');  SELECT @i + 210;
INSERT INTO T_Permission (F_ID, F_SP, F_Name, F_Domain, F_Remark) VALUES (211,'SP_Shop_RetrieveN_CheckUniqueField','检查门店名称是否已存在','门店','检查门店名称是否已存在');  SELECT @i + 211;
INSERT INTO T_Permission (F_ID, F_SP, F_Name, F_Domain, F_Remark) VALUES (212,'SP_Vip_RetrieveN_CheckUniqueField','检查会员唯一字段是否已存在','会员','检查会员唯一字段是否已存在');  SELECT @i + 212;
INSERT INTO T_Permission (F_ID, F_SP, F_Name, F_Domain, F_Remark) VALUES (213,'SP_Category_RetrieveN_CheckUniqueField','检查商品小类唯一字段是否已存在','类别','检查商品小类唯一字段是否已存在');  SELECT @i + 213;
INSERT INTO T_Permission (F_ID, F_SP, F_Name, F_Domain, F_Remark) VALUES (214,'SP_ShopDistrict_Create','创建门店区域','门店','创建门店区域');  SELECT @i + 214;
INSERT INTO T_Permission (F_ID, F_SP, F_Name, F_Domain, F_Remark) VALUES (215,'SP_ShopDistrict_Retrieve1','查询单个门店区域','门店','查询单个门店区域');  SELECT @i + 215;
INSERT INTO T_Permission (F_ID, F_SP, F_Name, F_Domain, F_Remark) VALUES (216,'SP_ShopDistrict_RetrieveN','查询多个门店区域','门店','查询多个门店区域');  SELECT @i + 216;
INSERT INTO T_Permission (F_ID, F_SP, F_Name, F_Domain, F_Remark) VALUES (217,'SP_ConfigCacheSize_Retrieve1','查询一个配置缓存大小','缓存配置','查询一个配置缓存大小');  SELECT @i + 217;
INSERT INTO T_Permission (F_ID, F_SP, F_Name, F_Domain, F_Remark) VALUES (218,'SP_ConfigCacheSize_RetrieveN','查询全部配置缓存大小','缓存配置','查询全部配置缓存大小');  SELECT @i + 218;
INSERT INTO T_Permission (F_ID, F_SP, F_Name, F_Domain, F_Remark) VALUES (219,'SP_ConfigCacheSize_Update','修改配置缓存大小','缓存配置','修改配置缓存大小');  SELECT @i + 219;
INSERT INTO T_Permission (F_ID, F_SP, F_Name, F_Domain, F_Remark) VALUES (220,'SP_ConfigGeneral_Retrieve1','查询一个通用配置','通用配置','查询一个通用配置');  SELECT @i + 220;
INSERT INTO T_Permission (F_ID, F_SP, F_Name, F_Domain, F_Remark) VALUES (221,'SP_ConfigGeneral_RetrieveN','查询全部通用配置','通用配置','查询全部通用配置');  SELECT @i + 221;
INSERT INTO T_Permission (F_ID, F_SP, F_Name, F_Domain, F_Remark) VALUES (222,'SP_Promotion_Retrieve1','查询一个促销','促销','查询一个促销');  SELECT @i + 222;
INSERT INTO T_Permission (F_ID, F_SP, F_Name, F_Domain, F_Remark) VALUES (223,'SP_Provider_RetrieveN_CheckUniqueField','检查供应商查询的唯一字段','供应商','检查供应商查询的唯一字段');  SELECT @i + 223;
INSERT INTO T_Permission (F_ID, F_SP, F_Name, F_Domain, F_Remark) VALUES (224,'SP_RetailTradeDailyReport_Create','创建零售单报表','零售单','创建零售单报表');  SELECT @i + 224;
INSERT INTO T_Permission (F_ID, F_SP, F_Name, F_Domain, F_Remark) VALUES (225,'SP_RetailTradeDailyReportByCategoryParent_Create','创建零售单大类报表','零售单','创建零售单大类报表');  SELECT @i + 225;
INSERT INTO T_Permission (F_ID, F_SP, F_Name, F_Domain, F_Remark) VALUES (226,'SP_RetailTradeDailyReportByCategoryParent_RetrieveN','查询零售单大类报表','零售单','查询零售单大类报表');  SELECT @i + 226;
INSERT INTO T_Permission (F_ID, F_SP, F_Name, F_Domain, F_Remark) VALUES (227,'SP_RetailTradeDailyReportSummary_Retrieve1','查询一个零售单报表','零售单','查询一个零售单报表');  SELECT @i + 227;
INSERT INTO T_Permission (F_ID, F_SP, F_Name, F_Domain, F_Remark) VALUES (228,'SP_Staff_RetrieveNPermission','查询所有员工权限','员工','查询所有员工权限');  SELECT @i + 228;
INSERT INTO T_Permission (F_ID, F_SP, F_Name, F_Domain, F_Remark) VALUES (229,'SP_StateMachine_RetrieveN','查询所有状态机','状态机','查询所有状态机');  SELECT @i + 229;
INSERT INTO T_Permission (F_ID, F_SP, F_Name, F_Domain, F_Remark) VALUES (230,'SP_Commodity_DeleteService','删除服务商品','商品','只删除服务商品');  SELECT @i + 230;
INSERT INTO T_Permission (F_ID, F_SP, F_Name, F_Domain, F_Remark) VALUES (231,'SP_RetailTradePromoting_RetrieveN','查询所有零售单促销计算过程','零售单促销表单','查询所有零售单促销计算过程');  SELECT @i + 231;
INSERT INTO T_Permission (F_ID, F_SP, F_Name, F_Domain, F_Remark) VALUES (232,'SP_RetailTradeAggregation_Retrieve1','收银员交班后，查询收银汇总','零售单','收银员交班后，查询收银汇总');  SELECT @i + 232;
INSERT INTO T_Permission (F_ID, F_SP, F_Name, F_Domain, F_Remark) VALUES (233,'SP_Commodity_CreateCombination','创建组合商品','商品','创建组合商品');  SELECT @i + 233;
INSERT INTO T_Permission (F_ID, F_SP, F_Name, F_Domain, F_Remark) VALUES (234,'SP_Commodity_CreateMultiPackaging','创建多包装商品','商品','创建多包装商品');  SELECT @i + 234;
INSERT INTO T_Permission (F_ID, F_SP, F_Name, F_Domain, F_Remark) VALUES (235,'SP_Commodity_CreateService','创建服务商品','商品','创建服务商品');  SELECT @i + 235;
INSERT INTO T_Permission (F_ID, F_SP, F_Name, F_Domain, F_Remark) VALUES (236,'SP_Commodity_CreateSimple','创建普通商品','商品','创建普通商品');  SELECT @i + 236;
INSERT INTO T_Permission (F_ID, F_SP, F_Name, F_Domain, F_Remark) VALUES (237,'SP_MessageItem_Create','创建消息数据项','消息','创建消息数据项');  SELECT @i + 237;
INSERT INTO T_Permission (F_ID, F_SP, F_Name, F_Domain, F_Remark) VALUES (238,'SP_MessageItem_RetrieveN','查询消息数据项','消息','查询消息数据项');  SELECT @i + 238;
INSERT INTO T_Permission (F_ID, F_SP, F_Name, F_Domain, F_Remark) VALUES (239,'SP_UnsalableCommodity_RetrieveN','查询滞销商品','滞销商品','查询滞销商品');  SELECT @i + 239;
INSERT INTO T_Permission (F_ID, F_SP, F_Name, F_Domain, F_Remark) VALUES (240,'SP_ReturnRetailTradeCommodityDestination_RetrieveN','查询退货商品去向表','退货单','查询退货商品去向表');  SELECT @i + 240;
INSERT INTO T_Permission (F_ID, F_SP, F_Name, F_Domain, F_Remark) VALUES (241,'SP_SubMch_Create','创建子商户号','公众号子商户','创建子商户号');  SELECT @i + 241;
INSERT INTO T_Permission (F_ID, F_SP, F_Name, F_Domain, F_Remark) VALUES (242,'SP_SubMch_Delete','删除子商户号','公众号子商户','删除子商户号');  SELECT @i + 242;
INSERT INTO T_Permission (F_ID, F_SP, F_Name, F_Domain, F_Remark) VALUES (243,'SP_SubMch_Retrieve1','查询子商户号','公众号子商户','查询子商户号');  SELECT @i + 243;
INSERT INTO T_Permission (F_ID, F_SP, F_Name, F_Domain, F_Remark) VALUES (244,'SP_SubMch_Update','修改子商户号','公众号子商户','修改子商户号');  SELECT @i + 244;
INSERT INTO T_Permission (F_ID, F_SP, F_Name, F_Domain, F_Remark) VALUES (245,'SP_SubMch_UpdateStatus','修改子商户号状态','公众号子商户','修改子商户号状态');  SELECT @i + 245;
INSERT INTO T_Permission (F_ID, F_SP, F_Name, F_Domain, F_Remark) VALUES (246,'SP_WxPrimaryCategory_Create','创建微信一级类目','微信一级类目','创建微信一级类目');  SELECT @i + 246;
INSERT INTO T_Permission (F_ID, F_SP, F_Name, F_Domain, F_Remark) VALUES (247,'SP_WxPrimaryCategory_Retrieve1','查询单个微信一级类目','微信一级类目','查询单个微信一级类目');  SELECT @i + 247;
INSERT INTO T_Permission (F_ID, F_SP, F_Name, F_Domain, F_Remark) VALUES (248,'SP_WxSecondaryCategory_Create','创建微信二级类目','微信二级类目','创建微信二级类目');  SELECT @i + 248;
INSERT INTO T_Permission (F_ID, F_SP, F_Name, F_Domain, F_Remark) VALUES (249,'SP_WxSecondaryCategory_Retrieve1','查询单个微信二级类目','微信二级类目','查询单个微信二级类目');  SELECT @i + 249;
INSERT INTO T_Permission (F_ID, F_SP, F_Name, F_Domain, F_Remark) VALUES (250,'SP_WxCard_Create','创建微信会员卡信息','微信会员卡','创建微信会员卡信息');  SELECT @i + 250;
INSERT INTO T_Permission (F_ID, F_SP, F_Name, F_Domain, F_Remark) VALUES (251,'SP_WxCard_Delete','删除微信会员卡信息','微信会员卡','删除微信会员卡信息');  SELECT @i + 251;
INSERT INTO T_Permission (F_ID, F_SP, F_Name, F_Domain, F_Remark) VALUES (252,'SP_WxCard_Retrieve1','查询单个微信会员卡信息','微信会员卡','查询单个微信会员卡信息');  SELECT @i + 252;
INSERT INTO T_Permission (F_ID, F_SP, F_Name, F_Domain, F_Remark) VALUES (253,'SP_WxCard_Update','更新微信会员卡信息','微信会员卡','更新微信会员卡信息');  SELECT @i + 253;
INSERT INTO T_Permission (F_ID, F_SP, F_Name, F_Domain, F_Remark) VALUES (254,'SP_WxCardDetail_Create','创建微信会员卡结构体数据','微信会员卡','创建微信会员卡结构体数据');  SELECT @i + 254;
INSERT INTO T_Permission (F_ID, F_SP, F_Name, F_Domain, F_Remark) VALUES (255,'SP_WxCardCustomCell_Create','创建自定义会员信息类目','自定义会员信息类目','创建自定义会员信息类目');  SELECT @i + 255;
INSERT INTO T_Permission (F_ID, F_SP, F_Name, F_Domain, F_Remark) VALUES (256,'SP_WxCardCustomCell_Update','更新自定义会员信息类目','自定义会员信息类目','更新自定义会员信息类目');  SELECT @i + 256;
INSERT INTO T_Permission (F_ID, F_SP, F_Name, F_Domain, F_Remark) VALUES (257,'SP_WxCardCustomCell_Retrieve1','查询自定义会员信息类目','自定义会员信息类目','查询自定义会员信息类目');  SELECT @i + 257;
INSERT INTO T_Permission (F_ID, F_SP, F_Name, F_Domain, F_Remark) VALUES (258,'SP_WxCardCustomField_Create','创建微信会员卡自定义会员信息类目','自定义会员信息类目','创建微信会员卡自定义会员信息类目');  SELECT @i + 258;
INSERT INTO T_Permission (F_ID, F_SP, F_Name, F_Domain, F_Remark) VALUES (259,'SP_WxCardCustomField_Update','更新微信会员卡自定义会员信息类目','自定义会员信息类目','更新微信会员卡自定义会员信息类目');  SELECT @i + 259;
INSERT INTO T_Permission (F_ID, F_SP, F_Name, F_Domain, F_Remark) VALUES (260,'SP_WxCardCustomField_Retrieve1','查询单个微信会员卡自定义会员信息类目','自定义会员信息类目','查询单个微信会员卡自定义会员信息类目');  SELECT @i + 260;
INSERT INTO T_Permission (F_ID, F_SP, F_Name, F_Domain, F_Remark) VALUES (261,'SP_WxCoupon_Create','创建优惠券','优惠券','创建优惠券');  SELECT @i + 261;
INSERT INTO T_Permission (F_ID, F_SP, F_Name, F_Domain, F_Remark) VALUES (262,'SP_WxCoupon_Delete','删除优惠券','优惠券','删除优惠券');  SELECT @i + 262;
INSERT INTO T_Permission (F_ID, F_SP, F_Name, F_Domain, F_Remark) VALUES (263,'SP_WxCouponDetail_Create','创建优惠券结构','优惠券结构','创建优惠券结构');  SELECT @i + 263;
INSERT INTO T_Permission (F_ID, F_SP, F_Name, F_Domain, F_Remark) VALUES (264,'SP_WxCouponBaseInfo_Create','创建优惠券数据','优惠券数据','创建优惠券数据');  SELECT @i + 264;
INSERT INTO T_Permission (F_ID, F_SP, F_Name, F_Domain, F_Remark) VALUES (265,'SP_WxCouponBaseInfo_Update','修改优惠券数据','优惠券数据','修改优惠券数据');  SELECT @i + 265;
INSERT INTO T_Permission (F_ID, F_SP, F_Name, F_Domain, F_Remark) VALUES (266,'SP_WxCouponAdvancedInfo_Create','创建优惠券高级信息','优惠券高级信息','创建优惠券高级信息');  SELECT @i + 266;
INSERT INTO T_Permission (F_ID, F_SP, F_Name, F_Domain, F_Remark) VALUES (267,'SP_WxCouponAbstract_Create','创建优惠券封面摘要结构','优惠券封面摘要结构','创建优惠券封面摘要结构');  SELECT @i + 267;
INSERT INTO T_Permission (F_ID, F_SP, F_Name, F_Domain, F_Remark) VALUES (268,'SP_WxCouponTextImage_Create','创建优惠券图文列表','优惠券图文列表','创建优惠券图文列表');  SELECT @i + 268;
INSERT INTO T_Permission (F_ID, F_SP, F_Name, F_Domain, F_Remark) VALUES (269,'SP_WxCouponTimeLimit_Create','创建优惠券使用时段限制','优惠券使用时段限制','创建优惠券使用时段限制');  SELECT @i + 269;
INSERT INTO T_Permission (F_ID, F_SP, F_Name, F_Domain, F_Remark) VALUES (270,'SP_WxCouponUseCondition_Create','创建优惠券使用条件','优惠券使用条件','创建优惠券使用条件');  SELECT @i + 270;
INSERT INTO T_Permission (F_ID, F_SP, F_Name, F_Domain, F_Remark) VALUES (271,'SP_WxBonusRule_Create','创建会员卡积分规则','会员卡积分规则','创建会员卡积分规则');  SELECT @i + 271;
INSERT INTO T_Permission (F_ID, F_SP, F_Name, F_Domain, F_Remark) VALUES (272,'SP_WxBonusRule_Update','更新会员卡积分规则','会员卡积分规则','更新会员卡积分规则');  SELECT @i + 272;
INSERT INTO T_Permission (F_ID, F_SP, F_Name, F_Domain, F_Remark) VALUES (273,'SP_WxBonusRule_Retrieve1','查询单个会员卡积分规则','会员卡积分规则','查询单个会员卡积分规则');  SELECT @i + 273;
INSERT INTO T_Permission (F_ID, F_SP, F_Name, F_Domain, F_Remark) VALUES (274,'SP_WxDateInfo_Create','创建会员卡和券有效期','会员卡和券有效期','创建会员卡和券有效期');  SELECT @i + 274;
INSERT INTO T_Permission (F_ID, F_SP, F_Name, F_Domain, F_Remark) VALUES (275,'SP_WxDateInfo_Update','更新会员卡和券有效期','会员卡和券有效期','更新会员卡和券有效期');  SELECT @i + 275;
INSERT INTO T_Permission (F_ID, F_SP, F_Name, F_Domain, F_Remark) VALUES (276,'SP_WxDateInfo_Retrieve1','查询单个会员卡和券有效期','会员卡和券有效期','查询单个会员卡和券有效期');  SELECT @i + 276;
INSERT INTO T_Permission (F_ID, F_SP, F_Name, F_Domain, F_Remark) VALUES (277,'SP_WxVipCardBaseInfo_Create','创建会员卡数据','会员卡数据','创建会员卡和券有效期');  SELECT @i + 277;
INSERT INTO T_Permission (F_ID, F_SP, F_Name, F_Domain, F_Remark) VALUES (278,'SP_WxVipCardBaseInfo_Update','更新会员卡数据','会员卡数据','更新会员卡和券有效期');  SELECT @i + 278;
INSERT INTO T_Permission (F_ID, F_SP, F_Name, F_Domain, F_Remark) VALUES (279,'SP_WxVipCardBaseInfo_Retrieve1','查询单个会员卡数据','会员卡数据','查询单个会员卡和券有效期');  SELECT @i + 279;
INSERT INTO T_Permission (F_ID, F_SP, F_Name, F_Domain, F_Remark) VALUES (280,'SP_WxCardDetail_Retrieve1','查询单个会员卡结构数据','微信会员卡结构体数据','查询单个会员卡结构数据');  SELECT @i + 280;
INSERT INTO T_Permission (F_ID, F_SP, F_Name, F_Domain, F_Remark) VALUES (281,'SP_WxCardDetail_Update','更新会员卡结构数据','微信会员卡结构体数据','更新会员卡结构数据');  SELECT @i + 281;
INSERT INTO T_Permission (F_ID, F_SP, F_Name, F_Domain, F_Remark) VALUES (282,'SP_WxSku_Create','创建卡券库存数据','微信卡券库存','创建卡券库存数据');  SELECT @i + 282;
INSERT INTO T_Permission (F_ID, F_SP, F_Name, F_Domain, F_Remark) VALUES (283,'SP_WxSku_Retrieve1','查询卡券库存数据','微信卡券库存','查询卡券库存数据');  SELECT @i + 283;
INSERT INTO T_Permission (F_ID, F_SP, F_Name, F_Domain, F_Remark) VALUES (284,'SP_WxSku_Update','更新卡券库存数据','微信卡券库存','更新卡券库存数据');  SELECT @i + 284;
INSERT INTO T_Permission (F_ID, F_SP, F_Name, F_Domain, F_Remark) VALUES (285,'SP_WxVip_Create','创建微信会员','微信会员','创建微信会员');  SELECT @i + 285;
INSERT INTO T_Permission (F_ID, F_SP, F_Name, F_Domain, F_Remark) VALUES (286,'SP_WxVip_Update','更新微信会员','微信会员','更新微信会员');  SELECT @i + 286;
INSERT INTO T_Permission (F_ID, F_SP, F_Name, F_Domain, F_Remark) VALUES (287,'SP_WxVip_Retrieve1','查询微信会员','微信会员','查询微信会员');  SELECT @i + 287;
INSERT INTO T_Permission (F_ID, F_SP, F_Name, F_Domain, F_Remark) VALUES (288,'SP_WxVip_Delete','删除微信会员','微信会员','删除微信会员');  SELECT @i + 288;
INSERT INTO T_Permission (F_ID, F_SP, F_Name, F_Domain, F_Remark) VALUES (289,'SP_WxVipCard_Create','创建微信会员卡','微信会员卡','创建微信会员卡');  SELECT @i + 289;
INSERT INTO T_Permission (F_ID, F_SP, F_Name, F_Domain, F_Remark) VALUES (290,'SP_WxVipCard_Update','更新微信会员卡','微信会员卡','更新微信会员卡');  SELECT @i + 290;
INSERT INTO T_Permission (F_ID, F_SP, F_Name, F_Domain, F_Remark) VALUES (291,'SP_WxVipCard_Retrieve1','查询微信会员卡','微信会员卡','查询微信会员卡');  SELECT @i + 291;
INSERT INTO T_Permission (F_ID, F_SP, F_Name, F_Domain, F_Remark) VALUES (292,'SP_WxVipCard_Delete','删除微信会员卡','微信会员卡','删除微信会员卡');  SELECT @i + 292;
INSERT INTO T_Permission (F_ID, F_SP, F_Name, F_Domain, F_Remark) VALUES (293,'SP_WxVipCardDetail_Create','创建微信会员卡详情','微信会员卡详情','创建微信会员卡详情');  SELECT @i + 293;
INSERT INTO T_Permission (F_ID, F_SP, F_Name, F_Domain, F_Remark) VALUES (294,'SP_WxVipCardDetail_Retrieve1','查询微信会员卡详情','微信会员卡详情','查询微信会员卡详情');  SELECT @i + 294;
INSERT INTO T_Permission (F_ID, F_SP, F_Name, F_Domain, F_Remark) VALUES (295,'SP_WxVipCardDetail_Delete','删除微信会员卡详情','微信会员卡详情','删除微信会员卡详情');  SELECT @i + 295;
INSERT INTO T_Permission (F_ID, F_SP, F_Name, F_Domain, F_Remark) VALUES (296,'SP_WxCard_RetrieveN','查询微信会员卡','微信会员卡','查询微信会员卡');  SELECT @i + 296;
INSERT INTO T_Permission (F_ID, F_SP, F_Name, F_Domain, F_Remark) VALUES (297,'SP_VIP_RetrieveNByMobileOrCardCode','查询会员卡相关信息','会员卡','查询会员卡相关信息');  SELECT @i + 297;
INSERT INTO T_Permission (F_ID, F_SP, F_Name, F_Domain, F_Remark) VALUES (298,'SP_POS_RecycleApp','重新注册APP','POS','重新注册APP');  SELECT @i + 298;
INSERT INTO T_Permission (F_ID, F_SP, F_Name, F_Domain, F_Remark) VALUES (299,'SP_RetailTrade_RetrieveNByCommodityNameInTimeRange','根据关键字查询，返回销售数量、销售总额、毛利','web查询零售单','web查询零售单');  SELECT @i + 299;
INSERT INTO T_Permission (F_ID, F_SP, F_Name, F_Domain, F_Remark) VALUES (300,'SP_RetailTradeCoupon_Create','创建零售单优惠券使用表','零售单优惠券使用表','创建零售单优惠券使用表');  SELECT @i + 300;
INSERT INTO T_Permission (F_ID, F_SP, F_Name, F_Domain, F_Remark) VALUES (301,'SP_RetailTradeCoupon_RetrieveN','查询多个零售单优惠券使用表','零售单优惠券使用表','查询多个零售单优惠券使用表');  SELECT @i + 301;
INSERT INTO T_Permission (F_ID, F_SP, F_Name, F_Domain, F_Remark) VALUES (302,'SP_WxCoupon_RetrieveN','查询多个优惠券','优惠券','查询多个优惠券');  SELECT @i + 302;
INSERT INTO T_Permission (F_ID, F_SP, F_Name, F_Domain, F_Remark) VALUES (303,'SP_StaffBelonging_RetrieveN','查询openID归属公司','查询openID归属公司','查询openID归属公司');  SELECT @i + 303;
INSERT INTO T_Permission (F_ID, F_SP, F_Name, F_Domain, F_Remark) VALUES (304,'SP_Staff_Update_Unsubscribe','根据ID将staff的openID设为null','员工','更新员工openID');  SELECT @i + 304;
INSERT INTO T_Permission (F_ID, F_SP, F_Name, F_Domain, F_Remark) VALUES (305,'SP_Coupon_Retrieve1','根据ID查询一种优惠券','优惠券','根据ID查询一种优惠券');  SELECT @i + 305;
INSERT INTO T_Permission (F_ID, F_SP, F_Name, F_Domain, F_Remark) VALUES (306,'SP_CouponCode_RetrieveN','批量查找多张优惠券','优惠券','批量查找多张优惠券');  SELECT @i + 306;
INSERT INTO T_Permission (F_ID, F_SP, F_Name, F_Domain, F_Remark) VALUES (307,'SP_Coupon_RetrieveN','批量查找多种优惠券','优惠券','批量查找多种优惠券');  SELECT @i + 307;
INSERT INTO T_Permission (F_ID, F_SP, F_Name, F_Domain, F_Remark) VALUES (308,'SP_CouponScope_RetrieveN','批量查找优惠券作用范围','优惠券作用范围','批量查找优惠券作用范围');  SELECT @i + 308;
INSERT INTO T_Permission (F_ID, F_SP, F_Name, F_Domain, F_Remark) VALUES (309,'SP_CouponCode_Consume','优惠券核销','优惠券','优惠券核销');  SELECT @i + 309;
INSERT INTO T_Permission (F_ID, F_SP, F_Name, F_Domain, F_Remark) VALUES (310,'SP_VipCard_Retrieve1','查询单种会员卡','会员卡','查询单种会员卡');  SELECT @i + 310;
INSERT INTO T_Permission (F_ID, F_SP, F_Name, F_Domain, F_Remark) VALUES (311,'SP_VipCard_Update','修改会员卡','会员卡','修改会员卡');  SELECT @i + 311;
INSERT INTO T_Permission (F_ID, F_SP, F_Name, F_Domain, F_Remark) VALUES (312,'SP_Vip_UpdateBonus','修改会员积分','会员','修改会员积分');  SELECT @i + 312;
INSERT INTO T_Permission (F_ID, F_SP, F_Name, F_Domain, F_Remark) VALUES (313,'SP_Coupon_Create','创建一种优惠券','优惠券','创建一种优惠券');  SELECT @i + 313;
INSERT INTO T_Permission (F_ID, F_SP, F_Name, F_Domain, F_Remark) VALUES (314,'SP_Coupon_Delete','删除一种优惠券','优惠券','删除一种优惠券');  SELECT @i + 314;
INSERT INTO T_Permission (F_ID, F_SP, F_Name, F_Domain, F_Remark) VALUES (315,'SP_CouponScope_Create','创建优惠券范围','优惠券范围','创建优惠券范围');  SELECT @i + 315;
INSERT INTO T_Permission (F_ID, F_SP, F_Name, F_Domain, F_Remark) VALUES (316,'SP_BonusRule_Retrieve1','查询积分规则','积分规则','查询积分规则');  SELECT @i + 316;
INSERT INTO T_Permission (F_ID, F_SP, F_Name, F_Domain, F_Remark) VALUES (317,'SP_BonusRule_Update','修改积分规则','积分规则','修改积分规则');  SELECT @i + 317;
INSERT INTO T_Permission (F_ID, F_SP, F_Name, F_Domain, F_Remark) VALUES (318,'SP_VipSource_Create','创建会员来源','会员来源','创建会员来源');  SELECT @i + 318;
INSERT INTO T_Permission (F_ID, F_SP, F_Name, F_Domain, F_Remark) VALUES (319,'SP_VipCardCode_Create','创建一张会员卡','会员卡','创建一张会员卡');  SELECT @i + 319;
INSERT INTO T_Permission (F_ID, F_SP, F_Name, F_Domain, F_Remark) VALUES (320,'SP_VipCardCode_RetrieveN','查询会员卡','会员卡','查询会员卡');  SELECT @i + 320;
INSERT INTO T_Permission (F_ID, F_SP, F_Name, F_Domain, F_Remark) VALUES (321,'SP_CouponCode_RetrieveNByVipID','根据会员ID查询优惠券','优惠券','根据会员ID查询优惠券');  SELECT @i + 321;
INSERT INTO T_Permission (F_ID, F_SP, F_Name, F_Domain, F_Remark) VALUES (322,'SP_CouponCode_RetrieveNTotalByVipID','根据会员ID查询优惠券总数','优惠券','根据会员ID查询优惠券总数');  SELECT @i + 322;
INSERT INTO T_Permission (F_ID, F_SP, F_Name, F_Domain, F_Remark) VALUES (323,'SP_PromotionShopScope_Create','创建促销门店范围','促销','创建促销门店范围');  SELECT @i + 323;
INSERT INTO T_Permission (F_ID, F_SP, F_Name, F_Domain, F_Remark) VALUES (324,'SP_PromotionShopScope_RetrieveN','查询促销门店范围','促销','查询促销门店范围');  SELECT @i + 324;
INSERT INTO T_Permission (F_ID, F_SP, F_Name, F_Domain, F_Remark) VALUES (325,'SP_CommodityShopInfo_Create','创建商品门店信息','商品','创建商品门店信息');  SELECT @i + 325;
INSERT INTO T_Permission (F_ID, F_SP, F_Name, F_Domain, F_Remark) VALUES (326,'SP_CommodityShopInfo_RetrieveN','查询商品门店信息','商品','查询商品门店信息');  SELECT @i + 326;



-- 角色表
delete from T_Role;
INSERT INTO T_Role (F_ID, F_Name)
VALUES (1, '收银员');
INSERT INTO T_Role (F_ID, F_Name)
VALUES (2, '老板'); 
INSERT INTO T_Role (F_ID,F_Name)
VALUES (3, '博昕售前'); -- 博昕售前账号
INSERT INTO T_Role (F_ID,F_Name)
VALUES (4, '店长');


SET @j = 0;
SET @k = 0;
-- 角色操作中间表	
delete from T_Role_Permission;
INSERT INTO T_Role_Permission (F_RoleID,F_PermissionID) VALUES (4,1);  SELECT @j + 1;
INSERT INTO T_Role_Permission (F_RoleID,F_PermissionID) VALUES (4,2);  SELECT @j + 2;
INSERT INTO T_Role_Permission (F_RoleID,F_PermissionID) VALUES (4,3);  SELECT @j + 3;
INSERT INTO T_Role_Permission (F_RoleID,F_PermissionID) VALUES (4,4);  SELECT @j + 4;
INSERT INTO T_Role_Permission (F_RoleID,F_PermissionID) VALUES (4,5);  SELECT @j + 5;
INSERT INTO T_Role_Permission (F_RoleID,F_PermissionID) VALUES (4,6);  SELECT @j + 6;
INSERT INTO T_Role_Permission (F_RoleID,F_PermissionID) VALUES (4,7);  SELECT @j + 7;
INSERT INTO T_Role_Permission (F_RoleID,F_PermissionID) VALUES (4,8);  SELECT @j + 8;
INSERT INTO T_Role_Permission (F_RoleID,F_PermissionID) VALUES (4,9);  SELECT @j + 9;
INSERT INTO T_Role_Permission (F_RoleID,F_PermissionID) VALUES (4,10);  SELECT @j + 10;
INSERT INTO T_Role_Permission (F_RoleID,F_PermissionID) VALUES (4,11);  SELECT @j + 11;
INSERT INTO T_Role_Permission (F_RoleID,F_PermissionID) VALUES (4,12);  SELECT @j + 12;
INSERT INTO T_Role_Permission (F_RoleID,F_PermissionID) VALUES (4,13);  SELECT @j + 13;
INSERT INTO T_Role_Permission (F_RoleID,F_PermissionID) VALUES (4,14);  SELECT @j + 14;
INSERT INTO T_Role_Permission (F_RoleID,F_PermissionID) VALUES (4,15);  SELECT @j + 15;
INSERT INTO T_Role_Permission (F_RoleID,F_PermissionID) VALUES (4,16);  SELECT @j + 16;
INSERT INTO T_Role_Permission (F_RoleID,F_PermissionID) VALUES (4,17);  SELECT @j + 17;
INSERT INTO T_Role_Permission (F_RoleID,F_PermissionID) VALUES (4,18);  SELECT @j + 18;
INSERT INTO T_Role_Permission (F_RoleID,F_PermissionID) VALUES (4,19);  SELECT @j + 19;
INSERT INTO T_Role_Permission (F_RoleID,F_PermissionID) VALUES (4,20);  SELECT @j + 20;
INSERT INTO T_Role_Permission (F_RoleID,F_PermissionID) VALUES (4,21);  SELECT @j + 21;
INSERT INTO T_Role_Permission (F_RoleID,F_PermissionID) VALUES (4,22);  SELECT @j + 22;
INSERT INTO T_Role_Permission (F_RoleID,F_PermissionID) VALUES (4,23);  SELECT @j + 23;
--	INSERT INTO T_Role_Permission (F_RoleID,F_PermissionID) VALUES (4,24);  SELECT @j + 24;
--	INSERT INTO T_Role_Permission (F_RoleID,F_PermissionID) VALUES (4,25);  SELECT @j + 25;
INSERT INTO T_Role_Permission (F_RoleID,F_PermissionID) VALUES (4,26);  SELECT @j + 26;
INSERT INTO T_Role_Permission (F_RoleID,F_PermissionID) VALUES (4,27);  SELECT @j + 27;
INSERT INTO T_Role_Permission (F_RoleID,F_PermissionID) VALUES (4,28);  SELECT @j + 28;
INSERT INTO T_Role_Permission (F_RoleID,F_PermissionID) VALUES (4,29);  SELECT @j + 29;
INSERT INTO T_Role_Permission (F_RoleID,F_PermissionID) VALUES (4,30);  SELECT @j + 30;
INSERT INTO T_Role_Permission (F_RoleID,F_PermissionID) VALUES (4,31);  SELECT @j + 31;
INSERT INTO T_Role_Permission (F_RoleID,F_PermissionID) VALUES (4,32);  SELECT @j + 32;
INSERT INTO T_Role_Permission (F_RoleID,F_PermissionID) VALUES (4,33);  SELECT @j + 33;
INSERT INTO T_Role_Permission (F_RoleID,F_PermissionID) VALUES (4,34);  SELECT @j + 34;
INSERT INTO T_Role_Permission (F_RoleID,F_PermissionID) VALUES (4,35);  SELECT @j + 35;
INSERT INTO T_Role_Permission (F_RoleID,F_PermissionID) VALUES (4,36);  SELECT @j + 36;
INSERT INTO T_Role_Permission (F_RoleID,F_PermissionID) VALUES (4,37);  SELECT @j + 37;
INSERT INTO T_Role_Permission (F_RoleID,F_PermissionID) VALUES (4,38);  SELECT @j + 38;
INSERT INTO T_Role_Permission (F_RoleID,F_PermissionID) VALUES (4,39);  SELECT @j + 39;
INSERT INTO T_Role_Permission (F_RoleID,F_PermissionID) VALUES (4,40);  SELECT @j + 40;
INSERT INTO T_Role_Permission (F_RoleID,F_PermissionID) VALUES (4,41);  SELECT @j + 41;
INSERT INTO T_Role_Permission (F_RoleID,F_PermissionID) VALUES (4,42);  SELECT @j + 42;
INSERT INTO T_Role_Permission (F_RoleID,F_PermissionID) VALUES (4,43);  SELECT @j + 43;
INSERT INTO T_Role_Permission (F_RoleID,F_PermissionID) VALUES (4,44);  SELECT @j + 44;
INSERT INTO T_Role_Permission (F_RoleID,F_PermissionID) VALUES (4,45);  SELECT @j + 45;
INSERT INTO T_Role_Permission (F_RoleID,F_PermissionID) VALUES (4,46);  SELECT @j + 46;
INSERT INTO T_Role_Permission (F_RoleID,F_PermissionID) VALUES (4,47);  SELECT @j + 47;
INSERT INTO T_Role_Permission (F_RoleID,F_PermissionID) VALUES (4,48);  SELECT @j + 48;
INSERT INTO T_Role_Permission (F_RoleID,F_PermissionID) VALUES (4,49);  SELECT @j + 49;
INSERT INTO T_Role_Permission (F_RoleID,F_PermissionID) VALUES (4,50);  SELECT @j + 50;
INSERT INTO T_Role_Permission (F_RoleID,F_PermissionID) VALUES (4,51);  SELECT @j + 51;
INSERT INTO T_Role_Permission (F_RoleID,F_PermissionID) VALUES (4,52);  SELECT @j + 52;
INSERT INTO T_Role_Permission (F_RoleID,F_PermissionID) VALUES (4,53);  SELECT @j + 53;
INSERT INTO T_Role_Permission (F_RoleID,F_PermissionID) VALUES (4,54);  SELECT @j + 54;
INSERT INTO T_Role_Permission (F_RoleID,F_PermissionID) VALUES (4,55);  SELECT @j + 55;
INSERT INTO T_Role_Permission (F_RoleID,F_PermissionID) VALUES (4,56);  SELECT @j + 56;
INSERT INTO T_Role_Permission (F_RoleID,F_PermissionID) VALUES (4,57);  SELECT @j + 57;
INSERT INTO T_Role_Permission (F_RoleID,F_PermissionID) VALUES (4,58);  SELECT @j + 58;
INSERT INTO T_Role_Permission (F_RoleID,F_PermissionID) VALUES (4,59);  SELECT @j + 59;
INSERT INTO T_Role_Permission (F_RoleID,F_PermissionID) VALUES (4,60);  SELECT @j + 60;
INSERT INTO T_Role_Permission (F_RoleID,F_PermissionID) VALUES (4,61);  SELECT @j + 61;
INSERT INTO T_Role_Permission (F_RoleID,F_PermissionID) VALUES (4,62);  SELECT @j + 62;
INSERT INTO T_Role_Permission (F_RoleID,F_PermissionID) VALUES (4,63);  SELECT @j + 63;
INSERT INTO T_Role_Permission (F_RoleID,F_PermissionID) VALUES (4,64);  SELECT @j + 64;
INSERT INTO T_Role_Permission (F_RoleID,F_PermissionID) VALUES (4,65);  SELECT @j + 65;
INSERT INTO T_Role_Permission (F_RoleID,F_PermissionID) VALUES (4,66);  SELECT @j + 66;
INSERT INTO T_Role_Permission (F_RoleID,F_PermissionID) VALUES (4,67);  SELECT @j + 67;
INSERT INTO T_Role_Permission (F_RoleID,F_PermissionID) VALUES (4,68);  SELECT @j + 68;
INSERT INTO T_Role_Permission (F_RoleID,F_PermissionID) VALUES (4,69);  SELECT @j + 69;
INSERT INTO T_Role_Permission (F_RoleID,F_PermissionID) VALUES (4,70);  SELECT @j + 70;
INSERT INTO T_Role_Permission (F_RoleID,F_PermissionID) VALUES (4,71);  SELECT @j + 71;
INSERT INTO T_Role_Permission (F_RoleID,F_PermissionID) VALUES (4,72);  SELECT @j + 72;
INSERT INTO T_Role_Permission (F_RoleID,F_PermissionID) VALUES (4,73);  SELECT @j + 73;
INSERT INTO T_Role_Permission (F_RoleID,F_PermissionID) VALUES (4,74);  SELECT @j + 74;
INSERT INTO T_Role_Permission (F_RoleID,F_PermissionID) VALUES (4,75);  SELECT @j + 75;
INSERT INTO T_Role_Permission (F_RoleID,F_PermissionID) VALUES (4,76);  SELECT @j + 76;
INSERT INTO T_Role_Permission (F_RoleID,F_PermissionID) VALUES (4,77);  SELECT @j + 77;
INSERT INTO T_Role_Permission (F_RoleID,F_PermissionID) VALUES (4,78);  SELECT @j + 78;
INSERT INTO T_Role_Permission (F_RoleID,F_PermissionID) VALUES (4,79);  SELECT @j + 79;
INSERT INTO T_Role_Permission (F_RoleID,F_PermissionID) VALUES (4,80);  SELECT @j + 80;
INSERT INTO T_Role_Permission (F_RoleID,F_PermissionID) VALUES (4,81);  SELECT @j + 81;
INSERT INTO T_Role_Permission (F_RoleID,F_PermissionID) VALUES (4,82);  SELECT @j + 82;
INSERT INTO T_Role_Permission (F_RoleID,F_PermissionID) VALUES (4,83);  SELECT @j + 83;
INSERT INTO T_Role_Permission (F_RoleID,F_PermissionID) VALUES (4,84);  SELECT @j + 84;
INSERT INTO T_Role_Permission (F_RoleID,F_PermissionID) VALUES (4,85);  SELECT @j + 85;
INSERT INTO T_Role_Permission (F_RoleID,F_PermissionID) VALUES (4,86);  SELECT @j + 86;
INSERT INTO T_Role_Permission (F_RoleID,F_PermissionID) VALUES (4,87);  SELECT @j + 87;
INSERT INTO T_Role_Permission (F_RoleID,F_PermissionID) VALUES (4,88);  SELECT @j + 88;
INSERT INTO T_Role_Permission (F_RoleID,F_PermissionID) VALUES (4,89);  SELECT @j + 89;
INSERT INTO T_Role_Permission (F_RoleID,F_PermissionID) VALUES (4,90);  SELECT @j + 90;
INSERT INTO T_Role_Permission (F_RoleID,F_PermissionID) VALUES (4,91);  SELECT @j + 91;
INSERT INTO T_Role_Permission (F_RoleID,F_PermissionID) VALUES (4,92);  SELECT @j + 92;
INSERT INTO T_Role_Permission (F_RoleID,F_PermissionID) VALUES (4,93);  SELECT @j + 93;
INSERT INTO T_Role_Permission (F_RoleID,F_PermissionID) VALUES (4,94);  SELECT @j + 94;
INSERT INTO T_Role_Permission (F_RoleID,F_PermissionID) VALUES (4,95);  SELECT @j + 95;
INSERT INTO T_Role_Permission (F_RoleID,F_PermissionID) VALUES (4,96);  SELECT @j + 96;
INSERT INTO T_Role_Permission (F_RoleID,F_PermissionID) VALUES (4,97);  SELECT @j + 97;
INSERT INTO T_Role_Permission (F_RoleID,F_PermissionID) VALUES (4,98);  SELECT @j + 98;
INSERT INTO T_Role_Permission (F_RoleID,F_PermissionID) VALUES (4,99);  SELECT @j + 99;
INSERT INTO T_Role_Permission (F_RoleID,F_PermissionID) VALUES (4,100);  SELECT @j + 100;
INSERT INTO T_Role_Permission (F_RoleID,F_PermissionID) VALUES (4,101);  SELECT @j + 101;
INSERT INTO T_Role_Permission (F_RoleID,F_PermissionID) VALUES (4,102);  SELECT @j + 102;
INSERT INTO T_Role_Permission (F_RoleID,F_PermissionID) VALUES (4,103);  SELECT @j + 103;
INSERT INTO T_Role_Permission (F_RoleID,F_PermissionID) VALUES (4,104);  SELECT @j + 104;
INSERT INTO T_Role_Permission (F_RoleID,F_PermissionID) VALUES (4,105);  SELECT @j + 105;
INSERT INTO T_Role_Permission (F_RoleID,F_PermissionID) VALUES (4,106);  SELECT @j + 106;
INSERT INTO T_Role_Permission (F_RoleID,F_PermissionID) VALUES (4,107);  SELECT @j + 107;
INSERT INTO T_Role_Permission (F_RoleID,F_PermissionID) VALUES (4,108);  SELECT @j + 108;
INSERT INTO T_Role_Permission (F_RoleID,F_PermissionID) VALUES (4,109);  SELECT @j + 109;
INSERT INTO T_Role_Permission (F_RoleID,F_PermissionID) VALUES (4,110);  SELECT @j + 110;
INSERT INTO T_Role_Permission (F_RoleID,F_PermissionID) VALUES (4,111);  SELECT @j + 111;
INSERT INTO T_Role_Permission (F_RoleID,F_PermissionID) VALUES (4,112);  SELECT @j + 112;
INSERT INTO T_Role_Permission (F_RoleID,F_PermissionID) VALUES (4,113);  SELECT @j + 113;
INSERT INTO T_Role_Permission (F_RoleID,F_PermissionID) VALUES (4,114);  SELECT @j + 114;
INSERT INTO T_Role_Permission (F_RoleID,F_PermissionID) VALUES (4,115);  SELECT @j + 115;
INSERT INTO T_Role_Permission (F_RoleID,F_PermissionID) VALUES (4,116);  SELECT @j + 116;
INSERT INTO T_Role_Permission (F_RoleID,F_PermissionID) VALUES (4,117);  SELECT @j + 117;
INSERT INTO T_Role_Permission (F_RoleID,F_PermissionID) VALUES (4,118);  SELECT @j + 118;
INSERT INTO T_Role_Permission (F_RoleID,F_PermissionID) VALUES (4,119);  SELECT @j + 119;
INSERT INTO T_Role_Permission (F_RoleID,F_PermissionID) VALUES (4,120);  SELECT @j + 120;
INSERT INTO T_Role_Permission (F_RoleID,F_PermissionID) VALUES (4,121);  SELECT @j + 121;
INSERT INTO T_Role_Permission (F_RoleID,F_PermissionID) VALUES (4,122);  SELECT @j + 122;
INSERT INTO T_Role_Permission (F_RoleID,F_PermissionID) VALUES (4,123);  SELECT @j + 123;
INSERT INTO T_Role_Permission (F_RoleID,F_PermissionID) VALUES (4,124);  SELECT @j + 124;
INSERT INTO T_Role_Permission (F_RoleID,F_PermissionID) VALUES (4,125);  SELECT @j + 125;
INSERT INTO T_Role_Permission (F_RoleID,F_PermissionID) VALUES (4,126);  SELECT @j + 126;
INSERT INTO T_Role_Permission (F_RoleID,F_PermissionID) VALUES (4,127);  SELECT @j + 127;
INSERT INTO T_Role_Permission (F_RoleID,F_PermissionID) VALUES (4,128);  SELECT @j + 128;
INSERT INTO T_Role_Permission (F_RoleID,F_PermissionID) VALUES (4,129);  SELECT @j + 129;
INSERT INTO T_Role_Permission (F_RoleID,F_PermissionID) VALUES (4,130);  SELECT @j + 130;
INSERT INTO T_Role_Permission (F_RoleID,F_PermissionID) VALUES (4,131);  SELECT @j + 131;
INSERT INTO T_Role_Permission (F_RoleID,F_PermissionID) VALUES (4,132);  SELECT @j + 132;
INSERT INTO T_Role_Permission (F_RoleID,F_PermissionID) VALUES (4,133);  SELECT @j + 133;
INSERT INTO T_Role_Permission (F_RoleID,F_PermissionID) VALUES (4,134);  SELECT @j + 134;
INSERT INTO T_Role_Permission (F_RoleID,F_PermissionID) VALUES (4,135);  SELECT @j + 135;
INSERT INTO T_Role_Permission (F_RoleID,F_PermissionID) VALUES (4,136);  SELECT @j + 136;
INSERT INTO T_Role_Permission (F_RoleID,F_PermissionID) VALUES (4,137);  SELECT @j + 137;
INSERT INTO T_Role_Permission (F_RoleID,F_PermissionID) VALUES (4,138);  SELECT @j + 138;
INSERT INTO T_Role_Permission (F_RoleID,F_PermissionID) VALUES (4,139);  SELECT @j + 139;
INSERT INTO T_Role_Permission (F_RoleID,F_PermissionID) VALUES (4,140);  SELECT @j + 140;
INSERT INTO T_Role_Permission (F_RoleID,F_PermissionID) VALUES (4,141);  SELECT @j + 141;
INSERT INTO T_Role_Permission (F_RoleID,F_PermissionID) VALUES (4,142);  SELECT @j + 142;
INSERT INTO T_Role_Permission (F_RoleID,F_PermissionID) VALUES (4,143);  SELECT @j + 143;
INSERT INTO T_Role_Permission (F_RoleID,F_PermissionID) VALUES (4,144);  SELECT @j + 144;
INSERT INTO T_Role_Permission (F_RoleID,F_PermissionID) VALUES (4,145);  SELECT @j + 145;
INSERT INTO T_Role_Permission (F_RoleID,F_PermissionID) VALUES (4,146);  SELECT @j + 146;
INSERT INTO T_Role_Permission (F_RoleID,F_PermissionID) VALUES (4,147);  SELECT @j + 147;
INSERT INTO T_Role_Permission (F_RoleID,F_PermissionID) VALUES (4,148);  SELECT @j + 148;
INSERT INTO T_Role_Permission (F_RoleID,F_PermissionID) VALUES (4,149);  SELECT @j + 149;
INSERT INTO T_Role_Permission (F_RoleID,F_PermissionID) VALUES (4,150);  SELECT @j + 150;
INSERT INTO T_Role_Permission (F_RoleID,F_PermissionID) VALUES (4,151);  SELECT @j + 151;
INSERT INTO T_Role_Permission (F_RoleID,F_PermissionID) VALUES (4,152);  SELECT @j + 152;
INSERT INTO T_Role_Permission (F_RoleID,F_PermissionID) VALUES (4,153);  SELECT @j + 153;
INSERT INTO T_Role_Permission (F_RoleID,F_PermissionID) VALUES (4,154);  SELECT @j + 154;
INSERT INTO T_Role_Permission (F_RoleID,F_PermissionID) VALUES (4,155);  SELECT @j + 155;
INSERT INTO T_Role_Permission (F_RoleID,F_PermissionID) VALUES (4,156);  SELECT @j + 156;
INSERT INTO T_Role_Permission (F_RoleID,F_PermissionID) VALUES (4,157);  SELECT @j + 157;
--	INSERT INTO T_Role_Permission (F_RoleID,F_PermissionID) VALUES (4,158);  SELECT @j + 158;
INSERT INTO T_Role_Permission (F_RoleID,F_PermissionID) VALUES (4,159);  SELECT @j + 159;
INSERT INTO T_Role_Permission (F_RoleID,F_PermissionID) VALUES (4,160);  SELECT @j + 160;
INSERT INTO T_Role_Permission (F_RoleID,F_PermissionID) VALUES (4,161);  SELECT @j + 161;
INSERT INTO T_Role_Permission (F_RoleID,F_PermissionID) VALUES (4,162);  SELECT @j + 162;
INSERT INTO T_Role_Permission (F_RoleID,F_PermissionID) VALUES (4,163);  SELECT @j + 163;
INSERT INTO T_Role_Permission (F_RoleID,F_PermissionID) VALUES (4,164);  SELECT @j + 164;
INSERT INTO T_Role_Permission (F_RoleID,F_PermissionID) VALUES (4,165);  SELECT @j + 165;
INSERT INTO T_Role_Permission (F_RoleID,F_PermissionID) VALUES (4,166);  SELECT @j + 166;
INSERT INTO T_Role_Permission (F_RoleID,F_PermissionID) VALUES (4,167);  SELECT @j + 167;
INSERT INTO T_Role_Permission (F_RoleID,F_PermissionID) VALUES (4,168);  SELECT @j + 168;
INSERT INTO T_Role_Permission (F_RoleID,F_PermissionID) VALUES (4,169);  SELECT @j + 169;
INSERT INTO T_Role_Permission (F_RoleID,F_PermissionID) VALUES (4,170);  SELECT @j + 170;
INSERT INTO T_Role_Permission (F_RoleID,F_PermissionID) VALUES (4,171);  SELECT @j + 171;
INSERT INTO T_Role_Permission (F_RoleID,F_PermissionID) VALUES (4,172);  SELECT @j + 172;
INSERT INTO T_Role_Permission (F_RoleID,F_PermissionID) VALUES (4,173);  SELECT @j + 173;
--	INSERT INTO T_Role_Permission (F_RoleID,F_PermissionID) VALUES (4,174);  SELECT @j + 174;
INSERT INTO T_Role_Permission (F_RoleID,F_PermissionID) VALUES (4,175);  SELECT @j + 175;
INSERT INTO T_Role_Permission (F_RoleID,F_PermissionID) VALUES (4,176);  SELECT @j + 176;
--	INSERT INTO T_Role_Permission (F_RoleID,F_PermissionID) VALUES (4,177);  SELECT @j + 177;
INSERT INTO T_Role_Permission (F_RoleID,F_PermissionID) VALUES (4,178);  SELECT @j + 178;
--	INSERT INTO T_Role_Permission (F_RoleID,F_PermissionID) VALUES (4,179);  SELECT @j + 179;
INSERT INTO T_Role_Permission (F_RoleID,F_PermissionID) VALUES (4,180);  SELECT @j + 180;
INSERT INTO T_Role_Permission (F_RoleID,F_PermissionID) VALUES (4,181);  SELECT @j + 181;
INSERT INTO T_Role_Permission (F_RoleID,F_PermissionID) VALUES (4,182);  SELECT @j + 182;
INSERT INTO T_Role_Permission (F_RoleID,F_PermissionID) VALUES (4,183);  SELECT @j + 183;
INSERT INTO T_Role_Permission (F_RoleID,F_PermissionID) VALUES (4,184);  SELECT @j + 184;
INSERT INTO T_Role_Permission (F_RoleID,F_PermissionID) VALUES (4,185);  SELECT @j + 185;
INSERT INTO T_Role_Permission (F_RoleID,F_PermissionID) VALUES (4,186);  SELECT @j + 186;
INSERT INTO T_Role_Permission (F_RoleID,F_PermissionID) VALUES (4,187);  SELECT @j + 187;
INSERT INTO T_Role_Permission (F_RoleID,F_PermissionID) VALUES (4,188);  SELECT @j + 188;
INSERT INTO T_Role_Permission (F_RoleID,F_PermissionID) VALUES (4,189);  SELECT @j + 189;
INSERT INTO T_Role_Permission (F_RoleID,F_PermissionID) VALUES (4,190);  SELECT @j + 190;
INSERT INTO T_Role_Permission (F_RoleID,F_PermissionID) VALUES (4,191);  SELECT @j + 191;
INSERT INTO T_Role_Permission (F_RoleID,F_PermissionID) VALUES (4,192);  SELECT @j + 192;
INSERT INTO T_Role_Permission (F_RoleID,F_PermissionID) VALUES (4,193);  SELECT @j + 193;
INSERT INTO T_Role_Permission (F_RoleID,F_PermissionID) VALUES (4,194);  SELECT @j + 194;
INSERT INTO T_Role_Permission (F_RoleID,F_PermissionID) VALUES (4,195);  SELECT @j + 195;
INSERT INTO T_Role_Permission (F_RoleID,F_PermissionID) VALUES (4,196);  SELECT @j + 196;
INSERT INTO T_Role_Permission (F_RoleID,F_PermissionID) VALUES (4,197);  SELECT @j + 197;
INSERT INTO T_Role_Permission (F_RoleID,F_PermissionID) VALUES (4,198);  SELECT @j + 198;
INSERT INTO T_Role_Permission (F_RoleID,F_PermissionID) VALUES (4,199);  SELECT @j + 199;
INSERT INTO T_Role_Permission (F_RoleID,F_PermissionID) VALUES (4,200);  SELECT @j + 200;
INSERT INTO T_Role_Permission (F_RoleID,F_PermissionID) VALUES (4,201);  SELECT @j + 201;
INSERT INTO T_Role_Permission (F_RoleID,F_PermissionID) VALUES (4,202);  SELECT @j + 202;
INSERT INTO T_Role_Permission (F_RoleID,F_PermissionID) VALUES (4,203);  SELECT @j + 203;
INSERT INTO T_Role_Permission (F_RoleID,F_PermissionID) VALUES (4,204);  SELECT @j + 204;
INSERT INTO T_Role_Permission (F_RoleID,F_PermissionID) VALUES (4,205);  SELECT @j + 205;
INSERT INTO T_Role_Permission (F_RoleID,F_PermissionID) VALUES (4,206);  SELECT @j + 206;
INSERT INTO T_Role_Permission (F_RoleID,F_PermissionID) VALUES (4,207);  SELECT @j + 207;
INSERT INTO T_Role_Permission (F_RoleID,F_PermissionID) VALUES (4,208);  SELECT @j + 208;
INSERT INTO T_Role_Permission (F_RoleID,F_PermissionID) VALUES (4,209);  SELECT @j + 209;
INSERT INTO T_Role_Permission (F_RoleID,F_PermissionID) VALUES (4,210);  SELECT @j + 210;
INSERT INTO T_Role_Permission (F_RoleID,F_PermissionID) VALUES (4,211);  SELECT @j + 211;
INSERT INTO T_Role_Permission (F_RoleID,F_PermissionID) VALUES (4,212);  SELECT @j + 212;
INSERT INTO T_Role_Permission (F_RoleID,F_PermissionID) VALUES (4,213);  SELECT @j + 213;
INSERT INTO T_Role_Permission (F_RoleID,F_PermissionID) VALUES (4,214);  SELECT @j + 214;
INSERT INTO T_Role_Permission (F_RoleID,F_PermissionID) VALUES (4,215);  SELECT @j + 215;
INSERT INTO T_Role_Permission (F_RoleID,F_PermissionID) VALUES (4,216);  SELECT @j + 216;
INSERT INTO T_Role_Permission (F_RoleID,F_PermissionID) VALUES (4,217);  SELECT @j + 217;
INSERT INTO T_Role_Permission (F_RoleID,F_PermissionID) VALUES (4,218);  SELECT @j + 218;
INSERT INTO T_Role_Permission (F_RoleID,F_PermissionID) VALUES (4,219);  SELECT @j + 219;
INSERT INTO T_Role_Permission (F_RoleID,F_PermissionID) VALUES (4,220);  SELECT @j + 220;
INSERT INTO T_Role_Permission (F_RoleID,F_PermissionID) VALUES (4,221);  SELECT @j + 221;
INSERT INTO T_Role_Permission (F_RoleID,F_PermissionID) VALUES (4,222);  SELECT @j + 222;
INSERT INTO T_Role_Permission (F_RoleID,F_PermissionID) VALUES (4,223);  SELECT @j + 223;
INSERT INTO T_Role_Permission (F_RoleID,F_PermissionID) VALUES (4,224);  SELECT @j + 224;
INSERT INTO T_Role_Permission (F_RoleID,F_PermissionID) VALUES (4,225);  SELECT @j + 225;
INSERT INTO T_Role_Permission (F_RoleID,F_PermissionID) VALUES (4,226);  SELECT @j + 226;
INSERT INTO T_Role_Permission (F_RoleID,F_PermissionID) VALUES (4,227);  SELECT @j + 227;
INSERT INTO T_Role_Permission (F_RoleID,F_PermissionID) VALUES (4,228);  SELECT @j + 228;
INSERT INTO T_Role_Permission (F_RoleID,F_PermissionID) VALUES (4,229);  SELECT @j + 229;
--	INSERT INTO T_Role_Permission (F_RoleID,F_PermissionID) VALUES (4,230);  SELECT @j + 230;
INSERT INTO T_Role_Permission (F_RoleID,F_PermissionID) VALUES (4,231);  SELECT @j + 231;
INSERT INTO T_Role_Permission (F_RoleID,F_PermissionID) VALUES (4,232);  SELECT @j + 232;
--	INSERT INTO T_Role_Permission (F_RoleID,F_PermissionID) VALUES (4,233);  SELECT @j + 233;
--	INSERT INTO T_Role_Permission (F_RoleID,F_PermissionID) VALUES (4,234);  SELECT @j + 234;
--	INSERT INTO T_Role_Permission (F_RoleID,F_PermissionID) VALUES (4,235);  SELECT @j + 235;
--	INSERT INTO T_Role_Permission (F_RoleID,F_PermissionID) VALUES (4,236);  SELECT @j + 236;
INSERT INTO T_Role_Permission (F_RoleID,F_PermissionID) VALUES (4,237);  SELECT @j + 237;
INSERT INTO T_Role_Permission (F_RoleID,F_PermissionID) VALUES (4,238);  SELECT @j + 238;
INSERT INTO T_Role_Permission (F_RoleID,F_PermissionID) VALUES (4,239);  SELECT @j + 239;
INSERT INTO T_Role_Permission (F_RoleID,F_PermissionID) VALUES (4,240);  SELECT @j + 240;
INSERT INTO T_Role_Permission (F_RoleID,F_PermissionID) VALUES (4,241);  SELECT @j + 241;
INSERT INTO T_Role_Permission (F_RoleID,F_PermissionID) VALUES (4,242);  SELECT @j + 242;
INSERT INTO T_Role_Permission (F_RoleID,F_PermissionID) VALUES (4,243);  SELECT @j + 243;
INSERT INTO T_Role_Permission (F_RoleID,F_PermissionID) VALUES (4,244);  SELECT @j + 244;
INSERT INTO T_Role_Permission (F_RoleID,F_PermissionID) VALUES (4,245);  SELECT @j + 245;
INSERT INTO T_Role_Permission (F_RoleID,F_PermissionID) VALUES (4,246);  SELECT @j + 246;
INSERT INTO T_Role_Permission (F_RoleID,F_PermissionID) VALUES (4,247);  SELECT @j + 247;
INSERT INTO T_Role_Permission (F_RoleID,F_PermissionID) VALUES (4,248);  SELECT @j + 248;
INSERT INTO T_Role_Permission (F_RoleID,F_PermissionID) VALUES (4,249);  SELECT @j + 249;
INSERT INTO T_Role_Permission (F_RoleID,F_PermissionID) VALUES (4,250);  SELECT @j + 250;
INSERT INTO T_Role_Permission (F_RoleID,F_PermissionID) VALUES (4,251);  SELECT @j + 251;
INSERT INTO T_Role_Permission (F_RoleID,F_PermissionID) VALUES (4,252);  SELECT @j + 252;
INSERT INTO T_Role_Permission (F_RoleID,F_PermissionID) VALUES (4,253);  SELECT @j + 253;
INSERT INTO T_Role_Permission (F_RoleID,F_PermissionID) VALUES (4,254);  SELECT @j + 254;
INSERT INTO T_Role_Permission (F_RoleID,F_PermissionID) VALUES (4,255);  SELECT @j + 255;
INSERT INTO T_Role_Permission (F_RoleID,F_PermissionID) VALUES (4,256);  SELECT @j + 256;
INSERT INTO T_Role_Permission (F_RoleID,F_PermissionID) VALUES (4,257);  SELECT @j + 257;
INSERT INTO T_Role_Permission (F_RoleID,F_PermissionID) VALUES (4,258);  SELECT @j + 258;
INSERT INTO T_Role_Permission (F_RoleID,F_PermissionID) VALUES (4,259);  SELECT @j + 259;
INSERT INTO T_Role_Permission (F_RoleID,F_PermissionID) VALUES (4,260);  SELECT @j + 260;
INSERT INTO T_Role_Permission (F_RoleID,F_PermissionID) VALUES (4,261);  SELECT @j + 261;
INSERT INTO T_Role_Permission (F_RoleID,F_PermissionID) VALUES (4,262);  SELECT @j + 262;
INSERT INTO T_Role_Permission (F_RoleID,F_PermissionID) VALUES (4,263);  SELECT @j + 263;
INSERT INTO T_Role_Permission (F_RoleID,F_PermissionID) VALUES (4,264);  SELECT @j + 264;
INSERT INTO T_Role_Permission (F_RoleID,F_PermissionID) VALUES (4,265);  SELECT @j + 265;
INSERT INTO T_Role_Permission (F_RoleID,F_PermissionID) VALUES (4,266);  SELECT @j + 266;
INSERT INTO T_Role_Permission (F_RoleID,F_PermissionID) VALUES (4,267);  SELECT @j + 267;
INSERT INTO T_Role_Permission (F_RoleID,F_PermissionID) VALUES (4,268);  SELECT @j + 268;
INSERT INTO T_Role_Permission (F_RoleID,F_PermissionID) VALUES (4,269);  SELECT @j + 269;
INSERT INTO T_Role_Permission (F_RoleID,F_PermissionID) VALUES (4,270);  SELECT @j + 270;
INSERT INTO T_Role_Permission (F_RoleID,F_PermissionID) VALUES (4,271);  SELECT @j + 271;
INSERT INTO T_Role_Permission (F_RoleID,F_PermissionID) VALUES (4,272);  SELECT @j + 272;
INSERT INTO T_Role_Permission (F_RoleID,F_PermissionID) VALUES (4,273);  SELECT @j + 273;
INSERT INTO T_Role_Permission (F_RoleID,F_PermissionID) VALUES (4,274);  SELECT @j + 274;
INSERT INTO T_Role_Permission (F_RoleID,F_PermissionID) VALUES (4,275);  SELECT @j + 275;
INSERT INTO T_Role_Permission (F_RoleID,F_PermissionID) VALUES (4,276);  SELECT @j + 276;
INSERT INTO T_Role_Permission (F_RoleID,F_PermissionID) VALUES (4,277);  SELECT @j + 277;
INSERT INTO T_Role_Permission (F_RoleID,F_PermissionID) VALUES (4,278);  SELECT @j + 278;
INSERT INTO T_Role_Permission (F_RoleID,F_PermissionID) VALUES (4,279);  SELECT @j + 279;
INSERT INTO T_Role_Permission (F_RoleID,F_PermissionID) VALUES (4,280);  SELECT @j + 280;
INSERT INTO T_Role_Permission (F_RoleID,F_PermissionID) VALUES (4,281);  SELECT @j + 281;
INSERT INTO T_Role_Permission (F_RoleID,F_PermissionID) VALUES (4,282);  SELECT @j + 282;
INSERT INTO T_Role_Permission (F_RoleID,F_PermissionID) VALUES (4,283);  SELECT @j + 283;
INSERT INTO T_Role_Permission (F_RoleID,F_PermissionID) VALUES (4,284);  SELECT @j + 284;
INSERT INTO T_Role_Permission (F_RoleID,F_PermissionID) VALUES (4,285);  SELECT @j + 285;
INSERT INTO T_Role_Permission (F_RoleID,F_PermissionID) VALUES (4,286);  SELECT @j + 286;
INSERT INTO T_Role_Permission (F_RoleID,F_PermissionID) VALUES (4,287);  SELECT @j + 287;
INSERT INTO T_Role_Permission (F_RoleID,F_PermissionID) VALUES (4,288);  SELECT @j + 288;
INSERT INTO T_Role_Permission (F_RoleID,F_PermissionID) VALUES (4,289);  SELECT @j + 289;
INSERT INTO T_Role_Permission (F_RoleID,F_PermissionID) VALUES (4,290);  SELECT @j + 290;
INSERT INTO T_Role_Permission (F_RoleID,F_PermissionID) VALUES (4,291);  SELECT @j + 291;
INSERT INTO T_Role_Permission (F_RoleID,F_PermissionID) VALUES (4,292);  SELECT @j + 292;
INSERT INTO T_Role_Permission (F_RoleID,F_PermissionID) VALUES (4,293);  SELECT @j + 293;
INSERT INTO T_Role_Permission (F_RoleID,F_PermissionID) VALUES (4,294);  SELECT @j + 294;
INSERT INTO T_Role_Permission (F_RoleID,F_PermissionID) VALUES (4,295);  SELECT @j + 295;
INSERT INTO T_Role_Permission (F_RoleID,F_PermissionID) VALUES (4,296);  SELECT @j + 296;
INSERT INTO T_Role_Permission (F_RoleID,F_PermissionID) VALUES (4,297);  SELECT @j + 297;
INSERT INTO T_Role_Permission (F_RoleID,F_PermissionID) VALUES (4,298);  SELECT @j + 298;
INSERT INTO T_Role_Permission (F_RoleID,F_PermissionID) VALUES (4,299);  SELECT @j + 299;
INSERT INTO T_Role_Permission (F_RoleID,F_PermissionID) VALUES (4,300);  SELECT @j + 300;
INSERT INTO T_Role_Permission (F_RoleID,F_PermissionID) VALUES (4,301);  SELECT @j + 301;
INSERT INTO T_Role_Permission (F_RoleID,F_PermissionID) VALUES (4,302);  SELECT @j + 302;
INSERT INTO T_Role_Permission (F_RoleID,F_PermissionID) VALUES (4,303);  SELECT @j + 303;
INSERT INTO T_Role_Permission (F_RoleID,F_PermissionID) VALUES (4,304);  SELECT @j + 304;
INSERT INTO T_Role_Permission (F_RoleID,F_PermissionID) VALUES (4,305);  SELECT @j + 305;
INSERT INTO T_Role_Permission (F_RoleID,F_PermissionID) VALUES (4,306);  SELECT @j + 306;
INSERT INTO T_Role_Permission (F_RoleID,F_PermissionID) VALUES (4,307);  SELECT @j + 307;
INSERT INTO T_Role_Permission (F_RoleID,F_PermissionID) VALUES (4,308);  SELECT @j + 308;
INSERT INTO T_Role_Permission (F_RoleID,F_PermissionID) VALUES (4,309);  SELECT @j + 309;
INSERT INTO T_Role_Permission (F_RoleID,F_PermissionID) VALUES (4,310);  SELECT @j + 310;
INSERT INTO T_Role_Permission (F_RoleID,F_PermissionID) VALUES (4,311);  SELECT @j + 311;
INSERT INTO T_Role_Permission (F_RoleID,F_PermissionID) VALUES (4,312);  SELECT @j + 312;
INSERT INTO T_Role_Permission (F_RoleID,F_PermissionID) VALUES (4,313);  SELECT @j + 313;
INSERT INTO T_Role_Permission (F_RoleID,F_PermissionID) VALUES (4,314);  SELECT @j + 314;
INSERT INTO T_Role_Permission (F_RoleID,F_PermissionID) VALUES (4,315);  SELECT @j + 315;
INSERT INTO T_Role_Permission (F_RoleID,F_PermissionID) VALUES (4,316);  SELECT @j + 316;
INSERT INTO T_Role_Permission (F_RoleID,F_PermissionID) VALUES (4,317);  SELECT @j + 317;
INSERT INTO T_Role_Permission (F_RoleID,F_PermissionID) VALUES (4,318);  SELECT @j + 318;
INSERT INTO T_Role_Permission (F_RoleID,F_PermissionID) VALUES (4,319);  SELECT @j + 319;
INSERT INTO T_Role_Permission (F_RoleID,F_PermissionID) VALUES (4,320);  SELECT @j + 320;
INSERT INTO T_Role_Permission (F_RoleID,F_PermissionID) VALUES (4,321);  SELECT @j + 321;
INSERT INTO T_Role_Permission (F_RoleID,F_PermissionID) VALUES (4,322);  SELECT @j + 322;
INSERT INTO T_Role_Permission (F_RoleID,F_PermissionID) VALUES (4,323);  SELECT @j + 323;
INSERT INTO T_Role_Permission (F_RoleID,F_PermissionID) VALUES (4,324);  SELECT @j + 324;


-- 不需要副店长角色
--	INSERT INTO T_Role_Permission (F_RoleID,F_PermissionID) VALUES (3,1);  SELECT @k + 1;
--	INSERT INTO T_Role_Permission (F_RoleID,F_PermissionID) VALUES (3,2);  SELECT @k + 2;
--	INSERT INTO T_Role_Permission (F_RoleID,F_PermissionID) VALUES (3,3);  SELECT @k + 3;
--	INSERT INTO T_Role_Permission (F_RoleID,F_PermissionID) VALUES (3,4);  SELECT @k + 4;
--	INSERT INTO T_Role_Permission (F_RoleID,F_PermissionID) VALUES (3,5);  SELECT @k + 5;
--	INSERT INTO T_Role_Permission (F_RoleID,F_PermissionID) VALUES (3,6);  SELECT @k + 6;
--	INSERT INTO T_Role_Permission (F_RoleID,F_PermissionID) VALUES (3,7);  SELECT @k + 7;
--	INSERT INTO T_Role_Permission (F_RoleID,F_PermissionID) VALUES (3,8);  SELECT @k + 8;
--	INSERT INTO T_Role_Permission (F_RoleID,F_PermissionID) VALUES (3,9);  SELECT @k + 9;
--	INSERT INTO T_Role_Permission (F_RoleID,F_PermissionID) VALUES (3,10);  SELECT @k + 10;
--	INSERT INTO T_Role_Permission (F_RoleID,F_PermissionID) VALUES (3,11);  SELECT @k + 11;
--	INSERT INTO T_Role_Permission (F_RoleID,F_PermissionID) VALUES (3,12);  SELECT @k + 12;
--	INSERT INTO T_Role_Permission (F_RoleID,F_PermissionID) VALUES (3,13);  SELECT @k + 13;
--	INSERT INTO T_Role_Permission (F_RoleID,F_PermissionID) VALUES (3,14);  SELECT @k + 14;
--	INSERT INTO T_Role_Permission (F_RoleID,F_PermissionID) VALUES (3,15);  SELECT @k + 15;
--	INSERT INTO T_Role_Permission (F_RoleID,F_PermissionID) VALUES (3,16);  SELECT @k + 16;
--	INSERT INTO T_Role_Permission (F_RoleID,F_PermissionID) VALUES (3,17);  SELECT @k + 17;
--	INSERT INTO T_Role_Permission (F_RoleID,F_PermissionID) VALUES (3,18);  SELECT @k + 18;
--	INSERT INTO T_Role_Permission (F_RoleID,F_PermissionID) VALUES (3,19);  SELECT @k + 19;
--	INSERT INTO T_Role_Permission (F_RoleID,F_PermissionID) VALUES (3,20);  SELECT @k + 20;
--	INSERT INTO T_Role_Permission (F_RoleID,F_PermissionID) VALUES (3,21);  SELECT @k + 21;
--	INSERT INTO T_Role_Permission (F_RoleID,F_PermissionID) VALUES (3,22);  SELECT @k + 22;
--	INSERT INTO T_Role_Permission (F_RoleID,F_PermissionID) VALUES (3,23);  SELECT @k + 23;
--	INSERT INTO T_Role_Permission (F_RoleID,F_PermissionID) VALUES (3,24);  SELECT @k + 24;
--	INSERT INTO T_Role_Permission (F_RoleID,F_PermissionID) VALUES (3,25);  SELECT @k + 25;
--	INSERT INTO T_Role_Permission (F_RoleID,F_PermissionID) VALUES (3,26);  SELECT @k + 26;
--	INSERT INTO T_Role_Permission (F_RoleID,F_PermissionID) VALUES (3,27);  SELECT @k + 27;
--	INSERT INTO T_Role_Permission (F_RoleID,F_PermissionID) VALUES (3,28);  SELECT @k + 28;
--	INSERT INTO T_Role_Permission (F_RoleID,F_PermissionID) VALUES (3,29);  SELECT @k + 29;
--	INSERT INTO T_Role_Permission (F_RoleID,F_PermissionID) VALUES (3,30);  SELECT @k + 30;
--	INSERT INTO T_Role_Permission (F_RoleID,F_PermissionID) VALUES (3,31);  SELECT @k + 31;
--	INSERT INTO T_Role_Permission (F_RoleID,F_PermissionID) VALUES (3,32);  SELECT @k + 32;
--	INSERT INTO T_Role_Permission (F_RoleID,F_PermissionID) VALUES (3,33);  SELECT @k + 33;
--	INSERT INTO T_Role_Permission (F_RoleID,F_PermissionID) VALUES (3,34);  SELECT @k + 34;
--	INSERT INTO T_Role_Permission (F_RoleID,F_PermissionID) VALUES (3,35);  SELECT @k + 35;
--	INSERT INTO T_Role_Permission (F_RoleID,F_PermissionID) VALUES (3,36);  SELECT @k + 36;
--	INSERT INTO T_Role_Permission (F_RoleID,F_PermissionID) VALUES (3,37);  SELECT @k + 37;
--	INSERT INTO T_Role_Permission (F_RoleID,F_PermissionID) VALUES (3,38);  SELECT @k + 38;
--	INSERT INTO T_Role_Permission (F_RoleID,F_PermissionID) VALUES (3,39);  SELECT @k + 39;
--	INSERT INTO T_Role_Permission (F_RoleID,F_PermissionID) VALUES (3,40);  SELECT @k + 40;
--	INSERT INTO T_Role_Permission (F_RoleID,F_PermissionID) VALUES (3,41);  SELECT @k + 41;
--	INSERT INTO T_Role_Permission (F_RoleID,F_PermissionID) VALUES (3,42);  SELECT @k + 42;
--	INSERT INTO T_Role_Permission (F_RoleID,F_PermissionID) VALUES (3,43);  SELECT @k + 43;
--	INSERT INTO T_Role_Permission (F_RoleID,F_PermissionID) VALUES (3,44);  SELECT @k + 44;
--	INSERT INTO T_Role_Permission (F_RoleID,F_PermissionID) VALUES (3,45);  SELECT @k + 45;
--	INSERT INTO T_Role_Permission (F_RoleID,F_PermissionID) VALUES (3,46);  SELECT @k + 46;
--	INSERT INTO T_Role_Permission (F_RoleID,F_PermissionID) VALUES (3,47);  SELECT @k + 47;
--	INSERT INTO T_Role_Permission (F_RoleID,F_PermissionID) VALUES (3,48);  SELECT @k + 48;
--	INSERT INTO T_Role_Permission (F_RoleID,F_PermissionID) VALUES (3,49);  SELECT @k + 49;
--	INSERT INTO T_Role_Permission (F_RoleID,F_PermissionID) VALUES (3,50);  SELECT @k + 50;
--	INSERT INTO T_Role_Permission (F_RoleID,F_PermissionID) VALUES (3,51);  SELECT @k + 51;
--	INSERT INTO T_Role_Permission (F_RoleID,F_PermissionID) VALUES (3,52);  SELECT @k + 52;
--	INSERT INTO T_Role_Permission (F_RoleID,F_PermissionID) VALUES (3,53);  SELECT @k + 53;
--	INSERT INTO T_Role_Permission (F_RoleID,F_PermissionID) VALUES (3,54);  SELECT @k + 54;
--	INSERT INTO T_Role_Permission (F_RoleID,F_PermissionID) VALUES (3,55);  SELECT @k + 55;
--	INSERT INTO T_Role_Permission (F_RoleID,F_PermissionID) VALUES (3,56);  SELECT @k + 56;
--	INSERT INTO T_Role_Permission (F_RoleID,F_PermissionID) VALUES (3,57);  SELECT @k + 57;
--	INSERT INTO T_Role_Permission (F_RoleID,F_PermissionID) VALUES (3,58);  SELECT @k + 58;
--	INSERT INTO T_Role_Permission (F_RoleID,F_PermissionID) VALUES (3,59);  SELECT @k + 59;
--	INSERT INTO T_Role_Permission (F_RoleID,F_PermissionID) VALUES (3,60);  SELECT @k + 60;
--	INSERT INTO T_Role_Permission (F_RoleID,F_PermissionID) VALUES (3,61);  SELECT @k + 61;
--	INSERT INTO T_Role_Permission (F_RoleID,F_PermissionID) VALUES (3,62);  SELECT @k + 62;
--	INSERT INTO T_Role_Permission (F_RoleID,F_PermissionID) VALUES (3,63);  SELECT @k + 63;
--	INSERT INTO T_Role_Permission (F_RoleID,F_PermissionID) VALUES (3,64);  SELECT @k + 64;
--	INSERT INTO T_Role_Permission (F_RoleID,F_PermissionID) VALUES (3,65);  SELECT @k + 65;
--	INSERT INTO T_Role_Permission (F_RoleID,F_PermissionID) VALUES (3,66);  SELECT @k + 66;
--	INSERT INTO T_Role_Permission (F_RoleID,F_PermissionID) VALUES (3,67);  SELECT @k + 67;
--	INSERT INTO T_Role_Permission (F_RoleID,F_PermissionID) VALUES (3,68);  SELECT @k + 68;
--	INSERT INTO T_Role_Permission (F_RoleID,F_PermissionID) VALUES (3,69);  SELECT @k + 69;
--	INSERT INTO T_Role_Permission (F_RoleID,F_PermissionID) VALUES (3,70);  SELECT @k + 70;
--	INSERT INTO T_Role_Permission (F_RoleID,F_PermissionID) VALUES (3,71);  SELECT @k + 71;
--	INSERT INTO T_Role_Permission (F_RoleID,F_PermissionID) VALUES (3,72);  SELECT @k + 72;
--	INSERT INTO T_Role_Permission (F_RoleID,F_PermissionID) VALUES (3,73);  SELECT @k + 73;
--	INSERT INTO T_Role_Permission (F_RoleID,F_PermissionID) VALUES (3,74);  SELECT @k + 74;
--	INSERT INTO T_Role_Permission (F_RoleID,F_PermissionID) VALUES (3,75);  SELECT @k + 75;
--	INSERT INTO T_Role_Permission (F_RoleID,F_PermissionID) VALUES (3,76);  SELECT @k + 76;
--	INSERT INTO T_Role_Permission (F_RoleID,F_PermissionID) VALUES (3,77);  SELECT @k + 77;
--	INSERT INTO T_Role_Permission (F_RoleID,F_PermissionID) VALUES (3,78);  SELECT @k + 78;
--	INSERT INTO T_Role_Permission (F_RoleID,F_PermissionID) VALUES (3,79);  SELECT @k + 79;
--	INSERT INTO T_Role_Permission (F_RoleID,F_PermissionID) VALUES (3,80);  SELECT @k + 80;
--	INSERT INTO T_Role_Permission (F_RoleID,F_PermissionID) VALUES (3,81);  SELECT @k + 81;
--	INSERT INTO T_Role_Permission (F_RoleID,F_PermissionID) VALUES (3,82);  SELECT @k + 82;
--	INSERT INTO T_Role_Permission (F_RoleID,F_PermissionID) VALUES (3,83);  SELECT @k + 83;
--	INSERT INTO T_Role_Permission (F_RoleID,F_PermissionID) VALUES (3,84);  SELECT @k + 84;
--	INSERT INTO T_Role_Permission (F_RoleID,F_PermissionID) VALUES (3,85);  SELECT @k + 85;
--	INSERT INTO T_Role_Permission (F_RoleID,F_PermissionID) VALUES (3,86);  SELECT @k + 86;
--	INSERT INTO T_Role_Permission (F_RoleID,F_PermissionID) VALUES (3,87);  SELECT @k + 87;
--	INSERT INTO T_Role_Permission (F_RoleID,F_PermissionID) VALUES (3,88);  SELECT @k + 88;
--	INSERT INTO T_Role_Permission (F_RoleID,F_PermissionID) VALUES (3,89);  SELECT @k + 89;
--	INSERT INTO T_Role_Permission (F_RoleID,F_PermissionID) VALUES (3,90);  SELECT @k + 90;
--	INSERT INTO T_Role_Permission (F_RoleID,F_PermissionID) VALUES (3,91);  SELECT @k + 91;
--	INSERT INTO T_Role_Permission (F_RoleID,F_PermissionID) VALUES (3,92);  SELECT @k + 92;
--	INSERT INTO T_Role_Permission (F_RoleID,F_PermissionID) VALUES (3,93);  SELECT @k + 93;
--	INSERT INTO T_Role_Permission (F_RoleID,F_PermissionID) VALUES (3,94);  SELECT @k + 94;
--	INSERT INTO T_Role_Permission (F_RoleID,F_PermissionID) VALUES (3,95);  SELECT @k + 95;
--	INSERT INTO T_Role_Permission (F_RoleID,F_PermissionID) VALUES (3,96);  SELECT @k + 96;
--	INSERT INTO T_Role_Permission (F_RoleID,F_PermissionID) VALUES (3,97);  SELECT @k + 97;
--	INSERT INTO T_Role_Permission (F_RoleID,F_PermissionID) VALUES (3,98);  SELECT @k + 98;
--	INSERT INTO T_Role_Permission (F_RoleID,F_PermissionID) VALUES (3,99);  SELECT @k + 99;
--	INSERT INTO T_Role_Permission (F_RoleID,F_PermissionID) VALUES (3,100);  SELECT @k + 100;
--	INSERT INTO T_Role_Permission (F_RoleID,F_PermissionID) VALUES (3,101);  SELECT @k + 101;
--	INSERT INTO T_Role_Permission (F_RoleID,F_PermissionID) VALUES (3,102);  SELECT @k + 102;
--	INSERT INTO T_Role_Permission (F_RoleID,F_PermissionID) VALUES (3,103);  SELECT @k + 103;
--	INSERT INTO T_Role_Permission (F_RoleID,F_PermissionID) VALUES (3,104);  SELECT @k + 104;
--	INSERT INTO T_Role_Permission (F_RoleID,F_PermissionID) VALUES (3,105);  SELECT @k + 105;
--	INSERT INTO T_Role_Permission (F_RoleID,F_PermissionID) VALUES (3,106);  SELECT @k + 106;
--	INSERT INTO T_Role_Permission (F_RoleID,F_PermissionID) VALUES (3,107);  SELECT @k + 107;
--	INSERT INTO T_Role_Permission (F_RoleID,F_PermissionID) VALUES (3,108);  SELECT @k + 108;
--	INSERT INTO T_Role_Permission (F_RoleID,F_PermissionID) VALUES (3,109);  SELECT @k + 109;
--	INSERT INTO T_Role_Permission (F_RoleID,F_PermissionID) VALUES (3,110);  SELECT @k + 110;
--	INSERT INTO T_Role_Permission (F_RoleID,F_PermissionID) VALUES (3,111);  SELECT @k + 111;
--	INSERT INTO T_Role_Permission (F_RoleID,F_PermissionID) VALUES (3,112);  SELECT @k + 112;
--	INSERT INTO T_Role_Permission (F_RoleID,F_PermissionID) VALUES (3,113);  SELECT @k + 113;
--	INSERT INTO T_Role_Permission (F_RoleID,F_PermissionID) VALUES (3,114);  SELECT @k + 114;
--	INSERT INTO T_Role_Permission (F_RoleID,F_PermissionID) VALUES (3,115);  SELECT @k + 115;
--	INSERT INTO T_Role_Permission (F_RoleID,F_PermissionID) VALUES (3,116);  SELECT @k + 116;
--	INSERT INTO T_Role_Permission (F_RoleID,F_PermissionID) VALUES (3,117);  SELECT @k + 117;
--	INSERT INTO T_Role_Permission (F_RoleID,F_PermissionID) VALUES (3,118);  SELECT @k + 118;
--	INSERT INTO T_Role_Permission (F_RoleID,F_PermissionID) VALUES (3,119);  SELECT @k + 119;
--	INSERT INTO T_Role_Permission (F_RoleID,F_PermissionID) VALUES (3,120);  SELECT @k + 120;
--	INSERT INTO T_Role_Permission (F_RoleID,F_PermissionID) VALUES (3,121);  SELECT @k + 121;
--	INSERT INTO T_Role_Permission (F_RoleID,F_PermissionID) VALUES (3,122);  SELECT @k + 122;
--	INSERT INTO T_Role_Permission (F_RoleID,F_PermissionID) VALUES (3,123);  SELECT @k + 123;
--	INSERT INTO T_Role_Permission (F_RoleID,F_PermissionID) VALUES (3,124);  SELECT @k + 124;
--	INSERT INTO T_Role_Permission (F_RoleID,F_PermissionID) VALUES (3,125);  SELECT @k + 125;
--	INSERT INTO T_Role_Permission (F_RoleID,F_PermissionID) VALUES (3,126);  SELECT @k + 126;
--	INSERT INTO T_Role_Permission (F_RoleID,F_PermissionID) VALUES (3,127);  SELECT @k + 127;
--	INSERT INTO T_Role_Permission (F_RoleID,F_PermissionID) VALUES (3,128);  SELECT @k + 128;
--	INSERT INTO T_Role_Permission (F_RoleID,F_PermissionID) VALUES (3,129);  SELECT @k + 129;
--	INSERT INTO T_Role_Permission (F_RoleID,F_PermissionID) VALUES (3,130);  SELECT @k + 130;
--	INSERT INTO T_Role_Permission (F_RoleID,F_PermissionID) VALUES (3,131);  SELECT @k + 131;
--	INSERT INTO T_Role_Permission (F_RoleID,F_PermissionID) VALUES (3,132);  SELECT @k + 132;
--	INSERT INTO T_Role_Permission (F_RoleID,F_PermissionID) VALUES (3,133);  SELECT @k + 133;
--	INSERT INTO T_Role_Permission (F_RoleID,F_PermissionID) VALUES (3,134);  SELECT @k + 134;
--	INSERT INTO T_Role_Permission (F_RoleID,F_PermissionID) VALUES (3,135);  SELECT @k + 135;
--	INSERT INTO T_Role_Permission (F_RoleID,F_PermissionID) VALUES (3,136);  SELECT @k + 136;
--	INSERT INTO T_Role_Permission (F_RoleID,F_PermissionID) VALUES (3,137);  SELECT @k + 137;
--	INSERT INTO T_Role_Permission (F_RoleID,F_PermissionID) VALUES (3,138);  SELECT @k + 138;
--	INSERT INTO T_Role_Permission (F_RoleID,F_PermissionID) VALUES (3,139);  SELECT @k + 139;
--	INSERT INTO T_Role_Permission (F_RoleID,F_PermissionID) VALUES (3,140);  SELECT @k + 140;
--	INSERT INTO T_Role_Permission (F_RoleID,F_PermissionID) VALUES (3,141);  SELECT @k + 141;
--	INSERT INTO T_Role_Permission (F_RoleID,F_PermissionID) VALUES (3,142);  SELECT @k + 142;
--	INSERT INTO T_Role_Permission (F_RoleID,F_PermissionID) VALUES (3,143);  SELECT @k + 143;
--	INSERT INTO T_Role_Permission (F_RoleID,F_PermissionID) VALUES (3,144);  SELECT @k + 144;
--	INSERT INTO T_Role_Permission (F_RoleID,F_PermissionID) VALUES (3,145);  SELECT @k + 145;
--	INSERT INTO T_Role_Permission (F_RoleID,F_PermissionID) VALUES (3,146);  SELECT @k + 146;
--	INSERT INTO T_Role_Permission (F_RoleID,F_PermissionID) VALUES (3,147);  SELECT @k + 147;
--	INSERT INTO T_Role_Permission (F_RoleID,F_PermissionID) VALUES (3,148);  SELECT @k + 148;
--	INSERT INTO T_Role_Permission (F_RoleID,F_PermissionID) VALUES (3,149);  SELECT @k + 149;
--	INSERT INTO T_Role_Permission (F_RoleID,F_PermissionID) VALUES (3,150);  SELECT @k + 150;
--	INSERT INTO T_Role_Permission (F_RoleID,F_PermissionID) VALUES (3,151);  SELECT @k + 151;
--	INSERT INTO T_Role_Permission (F_RoleID,F_PermissionID) VALUES (3,152);  SELECT @k + 152;
--	INSERT INTO T_Role_Permission (F_RoleID,F_PermissionID) VALUES (3,153);  SELECT @k + 153;
--	INSERT INTO T_Role_Permission (F_RoleID,F_PermissionID) VALUES (3,154);  SELECT @k + 154;
--	INSERT INTO T_Role_Permission (F_RoleID,F_PermissionID) VALUES (3,155);  SELECT @k + 155;
--	INSERT INTO T_Role_Permission (F_RoleID,F_PermissionID) VALUES (3,156);  SELECT @k + 156;
--	INSERT INTO T_Role_Permission (F_RoleID,F_PermissionID) VALUES (3,157);  SELECT @k + 157;
--	INSERT INTO T_Role_Permission (F_RoleID,F_PermissionID) VALUES (3,158);  SELECT @k + 158;
--	INSERT INTO T_Role_Permission (F_RoleID,F_PermissionID) VALUES (3,159);  SELECT @k + 159;
--	INSERT INTO T_Role_Permission (F_RoleID,F_PermissionID) VALUES (3,160);  SELECT @k + 160;
--	INSERT INTO T_Role_Permission (F_RoleID,F_PermissionID) VALUES (3,161);  SELECT @k + 161;
--	INSERT INTO T_Role_Permission (F_RoleID,F_PermissionID) VALUES (3,162);  SELECT @k + 162;
--	INSERT INTO T_Role_Permission (F_RoleID,F_PermissionID) VALUES (3,163);  SELECT @k + 163;
--	INSERT INTO T_Role_Permission (F_RoleID,F_PermissionID) VALUES (3,164);  SELECT @k + 164;
--	INSERT INTO T_Role_Permission (F_RoleID,F_PermissionID) VALUES (3,165);  SELECT @k + 165;
--	INSERT INTO T_Role_Permission (F_RoleID,F_PermissionID) VALUES (3,166);  SELECT @k + 166;
--	INSERT INTO T_Role_Permission (F_RoleID,F_PermissionID) VALUES (3,167);  SELECT @k + 167;
--	INSERT INTO T_Role_Permission (F_RoleID,F_PermissionID) VALUES (3,168);  SELECT @k + 168;
--	INSERT INTO T_Role_Permission (F_RoleID,F_PermissionID) VALUES (3,169);  SELECT @k + 169;
--	INSERT INTO T_Role_Permission (F_RoleID,F_PermissionID) VALUES (3,170);  SELECT @k + 170;
--	INSERT INTO T_Role_Permission (F_RoleID,F_PermissionID) VALUES (3,171);  SELECT @k + 171;
--	INSERT INTO T_Role_Permission (F_RoleID,F_PermissionID) VALUES (3,172);  SELECT @k + 172;
--	INSERT INTO T_Role_Permission (F_RoleID,F_PermissionID) VALUES (3,173);  SELECT @k + 173;
--	INSERT INTO T_Role_Permission (F_RoleID,F_PermissionID) VALUES (3,174);  SELECT @k + 174;
--	INSERT INTO T_Role_Permission (F_RoleID,F_PermissionID) VALUES (3,175);  SELECT @k + 175;
--	INSERT INTO T_Role_Permission (F_RoleID,F_PermissionID) VALUES (3,176);  SELECT @k + 176;
--	INSERT INTO T_Role_Permission (F_RoleID,F_PermissionID) VALUES (3,177);  SELECT @k + 177;
--	INSERT INTO T_Role_Permission (F_RoleID,F_PermissionID) VALUES (3,178);  SELECT @k + 178;
--	INSERT INTO T_Role_Permission (F_RoleID,F_PermissionID) VALUES (3,179);  SELECT @k + 179;
--	INSERT INTO T_Role_Permission (F_RoleID,F_PermissionID) VALUES (3,180);  SELECT @k + 180;
--	INSERT INTO T_Role_Permission (F_RoleID,F_PermissionID) VALUES (3,181);  SELECT @k + 181;
--	INSERT INTO T_Role_Permission (F_RoleID,F_PermissionID) VALUES (3,182);  SELECT @k + 182;
--	INSERT INTO T_Role_Permission (F_RoleID,F_PermissionID) VALUES (3,183);  SELECT @k + 183;
--	INSERT INTO T_Role_Permission (F_RoleID,F_PermissionID) VALUES (3,184);  SELECT @k + 184;
--	INSERT INTO T_Role_Permission (F_RoleID,F_PermissionID) VALUES (3,185);  SELECT @k + 185;
--	INSERT INTO T_Role_Permission (F_RoleID,F_PermissionID) VALUES (3,186);  SELECT @k + 186;
--	INSERT INTO T_Role_Permission (F_RoleID,F_PermissionID) VALUES (3,187);  SELECT @k + 187;
--	INSERT INTO T_Role_Permission (F_RoleID,F_PermissionID) VALUES (3,188);  SELECT @k + 188;
--	INSERT INTO T_Role_Permission (F_RoleID,F_PermissionID) VALUES (3,189);  SELECT @k + 189;
--	INSERT INTO T_Role_Permission (F_RoleID,F_PermissionID) VALUES (3,190);  SELECT @k + 190;
--	INSERT INTO T_Role_Permission (F_RoleID,F_PermissionID) VALUES (3,191);  SELECT @k + 191;
--	INSERT INTO T_Role_Permission (F_RoleID,F_PermissionID) VALUES (3,192);  SELECT @k + 192;
--	INSERT INTO T_Role_Permission (F_RoleID,F_PermissionID) VALUES (3,193);  SELECT @k + 193;
--	INSERT INTO T_Role_Permission (F_RoleID,F_PermissionID) VALUES (3,194);  SELECT @k + 194;
--	INSERT INTO T_Role_Permission (F_RoleID,F_PermissionID) VALUES (3,195);  SELECT @k + 195;
--	INSERT INTO T_Role_Permission (F_RoleID,F_PermissionID) VALUES (3,196);  SELECT @k + 196;
--	INSERT INTO T_Role_Permission (F_RoleID,F_PermissionID) VALUES (3,197);  SELECT @k + 197;
--	INSERT INTO T_Role_Permission (F_RoleID,F_PermissionID) VALUES (3,198);  SELECT @k + 198;
--	INSERT INTO T_Role_Permission (F_RoleID,F_PermissionID) VALUES (3,199);  SELECT @k + 199;
--	INSERT INTO T_Role_Permission (F_RoleID,F_PermissionID) VALUES (3,200);  SELECT @k + 200;
--	INSERT INTO T_Role_Permission (F_RoleID,F_PermissionID) VALUES (3,201);  SELECT @k + 201;
--	INSERT INTO T_Role_Permission (F_RoleID,F_PermissionID) VALUES (3,202);  SELECT @k + 202;
--	INSERT INTO T_Role_Permission (F_RoleID,F_PermissionID) VALUES (3,203);  SELECT @k + 203;
--	INSERT INTO T_Role_Permission (F_RoleID,F_PermissionID) VALUES (3,204);  SELECT @k + 204;
--	INSERT INTO T_Role_Permission (F_RoleID,F_PermissionID) VALUES (3,205);  SELECT @k + 205;
--	INSERT INTO T_Role_Permission (F_RoleID,F_PermissionID) VALUES (3,206);  SELECT @k + 206;
--	INSERT INTO T_Role_Permission (F_RoleID,F_PermissionID) VALUES (3,207);  SELECT @k + 207;
--	INSERT INTO T_Role_Permission (F_RoleID,F_PermissionID) VALUES (3,208);  SELECT @k + 208;
--	INSERT INTO T_Role_Permission (F_RoleID,F_PermissionID) VALUES (3,209);  SELECT @k + 209;
--	INSERT INTO T_Role_Permission (F_RoleID,F_PermissionID) VALUES (3,210);  SELECT @k + 210;
--	INSERT INTO T_Role_Permission (F_RoleID,F_PermissionID) VALUES (3,211);  SELECT @k + 211;
--	INSERT INTO T_Role_Permission (F_RoleID,F_PermissionID) VALUES (3,212);  SELECT @k + 212;
--	INSERT INTO T_Role_Permission (F_RoleID,F_PermissionID) VALUES (3,213);  SELECT @k + 213;
--	INSERT INTO T_Role_Permission (F_RoleID,F_PermissionID) VALUES (3,214);  SELECT @k + 214;
--	INSERT INTO T_Role_Permission (F_RoleID,F_PermissionID) VALUES (3,215);  SELECT @k + 215;
--	INSERT INTO T_Role_Permission (F_RoleID,F_PermissionID) VALUES (3,216);  SELECT @k + 216;
--	INSERT INTO T_Role_Permission (F_RoleID,F_PermissionID) VALUES (3,217);  SELECT @k + 217;
--	INSERT INTO T_Role_Permission (F_RoleID,F_PermissionID) VALUES (3,218);  SELECT @k + 218;
--	INSERT INTO T_Role_Permission (F_RoleID,F_PermissionID) VALUES (3,219);  SELECT @k + 219;
--	INSERT INTO T_Role_Permission (F_RoleID,F_PermissionID) VALUES (3,220);  SELECT @k + 220;
--	INSERT INTO T_Role_Permission (F_RoleID,F_PermissionID) VALUES (3,221);  SELECT @k + 221;
--	INSERT INTO T_Role_Permission (F_RoleID,F_PermissionID) VALUES (3,222);  SELECT @k + 222;
--	INSERT INTO T_Role_Permission (F_RoleID,F_PermissionID) VALUES (3,223);  SELECT @k + 223;
--	INSERT INTO T_Role_Permission (F_RoleID,F_PermissionID) VALUES (3,224);  SELECT @k + 224;
--	INSERT INTO T_Role_Permission (F_RoleID,F_PermissionID) VALUES (3,225);  SELECT @k + 225;
--	INSERT INTO T_Role_Permission (F_RoleID,F_PermissionID) VALUES (3,226);  SELECT @k + 226;
--	INSERT INTO T_Role_Permission (F_RoleID,F_PermissionID) VALUES (3,227);  SELECT @k + 227;
--	INSERT INTO T_Role_Permission (F_RoleID,F_PermissionID) VALUES (3,228);  SELECT @k + 228;
--	INSERT INTO T_Role_Permission (F_RoleID,F_PermissionID) VALUES (3,229);  SELECT @k + 229;
--	INSERT INTO T_Role_Permission (F_RoleID,F_PermissionID) VALUES (3,230);  SELECT @k + 230;
--	INSERT INTO T_Role_Permission (F_RoleID,F_PermissionID) VALUES (3,231);  SELECT @k + 231;
--	INSERT INTO T_Role_Permission (F_RoleID,F_PermissionID) VALUES (3,232);  SELECT @k + 232;
--	INSERT INTO T_Role_Permission (F_RoleID,F_PermissionID) VALUES (3,233);  SELECT @k + 233;
--	INSERT INTO T_Role_Permission (F_RoleID,F_PermissionID) VALUES (3,234);  SELECT @k + 234;
--	INSERT INTO T_Role_Permission (F_RoleID,F_PermissionID) VALUES (3,235);  SELECT @k + 235;
--	INSERT INTO T_Role_Permission (F_RoleID,F_PermissionID) VALUES (3,236);  SELECT @k + 236;
--	INSERT INTO T_Role_Permission (F_RoleID,F_PermissionID) VALUES (3,237);  SELECT @k + 237;
--	INSERT INTO T_Role_Permission (F_RoleID,F_PermissionID) VALUES (3,238);  SELECT @k + 238;
--	INSERT INTO T_Role_Permission (F_RoleID,F_PermissionID) VALUES (3,239);  SELECT @k + 239;
--	INSERT INTO T_Role_Permission (F_RoleID,F_PermissionID) VALUES (3,240);  SELECT @k + 240;
--	INSERT INTO T_Role_Permission (F_RoleID,F_PermissionID) VALUES (3,241);  SELECT @k + 241;
--	INSERT INTO T_Role_Permission (F_RoleID,F_PermissionID) VALUES (3,242);  SELECT @k + 242;
--	INSERT INTO T_Role_Permission (F_RoleID,F_PermissionID) VALUES (3,243);  SELECT @k + 243;
--	INSERT INTO T_Role_Permission (F_RoleID,F_PermissionID) VALUES (3,244);  SELECT @k + 244;
--	INSERT INTO T_Role_Permission (F_RoleID,F_PermissionID) VALUES (3,245);  SELECT @k + 245;
--	INSERT INTO T_Role_Permission (F_RoleID,F_PermissionID) VALUES (3,246);  SELECT @k + 246;
--	INSERT INTO T_Role_Permission (F_RoleID,F_PermissionID) VALUES (3,247);  SELECT @k + 247;
--	INSERT INTO T_Role_Permission (F_RoleID,F_PermissionID) VALUES (3,248);  SELECT @k + 248;
--	INSERT INTO T_Role_Permission (F_RoleID,F_PermissionID) VALUES (3,249);  SELECT @k + 249;
--	INSERT INTO T_Role_Permission (F_RoleID,F_PermissionID) VALUES (3,250);  SELECT @k + 250;
--	INSERT INTO T_Role_Permission (F_RoleID,F_PermissionID) VALUES (3,251);  SELECT @k + 251;
--	INSERT INTO T_Role_Permission (F_RoleID,F_PermissionID) VALUES (3,252);  SELECT @k + 252;
--	INSERT INTO T_Role_Permission (F_RoleID,F_PermissionID) VALUES (3,253);  SELECT @k + 253;
--	INSERT INTO T_Role_Permission (F_RoleID,F_PermissionID) VALUES (3,254);  SELECT @k + 254;
--	INSERT INTO T_Role_Permission (F_RoleID,F_PermissionID) VALUES (3,255);  SELECT @k + 255;
--	INSERT INTO T_Role_Permission (F_RoleID,F_PermissionID) VALUES (3,256);  SELECT @k + 256;
--	INSERT INTO T_Role_Permission (F_RoleID,F_PermissionID) VALUES (3,257);  SELECT @k + 257;
--	INSERT INTO T_Role_Permission (F_RoleID,F_PermissionID) VALUES (3,258);  SELECT @k + 258;
--	INSERT INTO T_Role_Permission (F_RoleID,F_PermissionID) VALUES (3,259);  SELECT @k + 259;
--	INSERT INTO T_Role_Permission (F_RoleID,F_PermissionID) VALUES (3,260);  SELECT @k + 260;
--	INSERT INTO T_Role_Permission (F_RoleID,F_PermissionID) VALUES (3,261);  SELECT @k + 261;
--	INSERT INTO T_Role_Permission (F_RoleID,F_PermissionID) VALUES (3,262);  SELECT @k + 262;
--	INSERT INTO T_Role_Permission (F_RoleID,F_PermissionID) VALUES (3,263);  SELECT @k + 263;
--	INSERT INTO T_Role_Permission (F_RoleID,F_PermissionID) VALUES (3,264);  SELECT @k + 264;
--	INSERT INTO T_Role_Permission (F_RoleID,F_PermissionID) VALUES (3,265);  SELECT @k + 265;
--	INSERT INTO T_Role_Permission (F_RoleID,F_PermissionID) VALUES (3,266);  SELECT @k + 266;
--	INSERT INTO T_Role_Permission (F_RoleID,F_PermissionID) VALUES (3,267);  SELECT @k + 267;
--	INSERT INTO T_Role_Permission (F_RoleID,F_PermissionID) VALUES (3,268);  SELECT @k + 268;
--	INSERT INTO T_Role_Permission (F_RoleID,F_PermissionID) VALUES (3,269);  SELECT @k + 269;
--	INSERT INTO T_Role_Permission (F_RoleID,F_PermissionID) VALUES (3,270);  SELECT @k + 270;
--	INSERT INTO T_Role_Permission (F_RoleID,F_PermissionID) VALUES (3,271);  SELECT @k + 271;
--	INSERT INTO T_Role_Permission (F_RoleID,F_PermissionID) VALUES (3,272);  SELECT @k + 272;
--	INSERT INTO T_Role_Permission (F_RoleID,F_PermissionID) VALUES (3,273);  SELECT @k + 273;
--	INSERT INTO T_Role_Permission (F_RoleID,F_PermissionID) VALUES (3,274);  SELECT @k + 274;
--	INSERT INTO T_Role_Permission (F_RoleID,F_PermissionID) VALUES (3,275);  SELECT @k + 275;
--	INSERT INTO T_Role_Permission (F_RoleID,F_PermissionID) VALUES (3,276);  SELECT @k + 276;
--	INSERT INTO T_Role_Permission (F_RoleID,F_PermissionID) VALUES (3,277);  SELECT @k + 277;
--	INSERT INTO T_Role_Permission (F_RoleID,F_PermissionID) VALUES (3,278);  SELECT @k + 278;
--	INSERT INTO T_Role_Permission (F_RoleID,F_PermissionID) VALUES (3,279);  SELECT @k + 279;
--	INSERT INTO T_Role_Permission (F_RoleID,F_PermissionID) VALUES (3,280);  SELECT @k + 280;
--	INSERT INTO T_Role_Permission (F_RoleID,F_PermissionID) VALUES (3,281);  SELECT @k + 281;
--	INSERT INTO T_Role_Permission (F_RoleID,F_PermissionID) VALUES (3,282);  SELECT @k + 282;
--	INSERT INTO T_Role_Permission (F_RoleID,F_PermissionID) VALUES (3,283);  SELECT @k + 283;
--	INSERT INTO T_Role_Permission (F_RoleID,F_PermissionID) VALUES (3,284);  SELECT @k + 284;
--	INSERT INTO T_Role_Permission (F_RoleID,F_PermissionID) VALUES (3,285);  SELECT @k + 285;
--	INSERT INTO T_Role_Permission (F_RoleID,F_PermissionID) VALUES (3,286);  SELECT @k + 286;
--	INSERT INTO T_Role_Permission (F_RoleID,F_PermissionID) VALUES (3,287);  SELECT @k + 287;
--	INSERT INTO T_Role_Permission (F_RoleID,F_PermissionID) VALUES (3,288);  SELECT @k + 288;
--	INSERT INTO T_Role_Permission (F_RoleID,F_PermissionID) VALUES (3,289);  SELECT @k + 289;
--	INSERT INTO T_Role_Permission (F_RoleID,F_PermissionID) VALUES (3,290);  SELECT @k + 290;
--	INSERT INTO T_Role_Permission (F_RoleID,F_PermissionID) VALUES (3,291);  SELECT @k + 291;
--	INSERT INTO T_Role_Permission (F_RoleID,F_PermissionID) VALUES (3,292);  SELECT @k + 292;
--	INSERT INTO T_Role_Permission (F_RoleID,F_PermissionID) VALUES (3,293);  SELECT @k + 293;
--	INSERT INTO T_Role_Permission (F_RoleID,F_PermissionID) VALUES (3,294);  SELECT @k + 294;
--	INSERT INTO T_Role_Permission (F_RoleID,F_PermissionID) VALUES (3,295);  SELECT @k + 295;
--	INSERT INTO T_Role_Permission (F_RoleID,F_PermissionID) VALUES (3,296);  SELECT @k + 296;
--	INSERT INTO T_Role_Permission (F_RoleID,F_PermissionID) VALUES (3,297);  SELECT @k + 297;
--	INSERT INTO T_Role_Permission (F_RoleID,F_PermissionID) VALUES (3,298);  SELECT @k + 298;
--	INSERT INTO T_Role_Permission (F_RoleID,F_PermissionID) VALUES (3,299);  SELECT @j + 299;
--	INSERT INTO T_Role_Permission (F_RoleID,F_PermissionID) VALUES (3,300);  SELECT @j + 300;
--	INSERT INTO T_Role_Permission (F_RoleID,F_PermissionID) VALUES (3,301);  SELECT @k + 301;
--	INSERT INTO T_Role_Permission (F_RoleID,F_PermissionID) VALUES (3,302);  SELECT @k + 302;
--	INSERT INTO T_Role_Permission (F_RoleID,F_PermissionID) VALUES (3,303);  SELECT @k + 303;
--	INSERT INTO T_Role_Permission (F_RoleID,F_PermissionID) VALUES (3,304);  SELECT @k + 304;
--	INSERT INTO T_Role_Permission (F_RoleID,F_PermissionID) VALUES (3,305);  SELECT @k + 305;
--	INSERT INTO T_Role_Permission (F_RoleID,F_PermissionID) VALUES (3,306);  SELECT @k + 306;
--	INSERT INTO T_Role_Permission (F_RoleID,F_PermissionID) VALUES (3,307);  SELECT @k + 307;
--	INSERT INTO T_Role_Permission (F_RoleID,F_PermissionID) VALUES (3,308);  SELECT @k + 308;
--	INSERT INTO T_Role_Permission (F_RoleID,F_PermissionID) VALUES (3,309);  SELECT @k + 309;
--	INSERT INTO T_Role_Permission (F_RoleID,F_PermissionID) VALUES (3,310);  SELECT @k + 310;
--	INSERT INTO T_Role_Permission (F_RoleID,F_PermissionID) VALUES (3,311);  SELECT @k + 311;
--	INSERT INTO T_Role_Permission (F_RoleID,F_PermissionID) VALUES (3,312);  SELECT @k + 312;
--	INSERT INTO T_Role_Permission (F_RoleID,F_PermissionID) VALUES (3,313);  SELECT @k + 313;
--	INSERT INTO T_Role_Permission (F_RoleID,F_PermissionID) VALUES (3,314);  SELECT @k + 314;
--	INSERT INTO T_Role_Permission (F_RoleID,F_PermissionID) VALUES (3,315);  SELECT @k + 315;
--	INSERT INTO T_Role_Permission (F_RoleID,F_PermissionID) VALUES (3,316);  SELECT @k + 316;
--	INSERT INTO T_Role_Permission (F_RoleID,F_PermissionID) VALUES (3,317);  SELECT @k + 317;
--	INSERT INTO T_Role_Permission (F_RoleID,F_PermissionID) VALUES (3,318);  SELECT @k + 318;
--	INSERT INTO T_Role_Permission (F_RoleID,F_PermissionID) VALUES (3,319);  SELECT @k + 319;
--	INSERT INTO T_Role_Permission (F_RoleID,F_PermissionID) VALUES (3,320);  SELECT @k + 320;
--	INSERT INTO T_Role_Permission (F_RoleID,F_PermissionID) VALUES (3,321);  SELECT @k + 321;
--	INSERT INTO T_Role_Permission (F_RoleID,F_PermissionID) VALUES (3,322);  SELECT @j + 322;
--	INSERT INTO T_Role_Permission (F_RoleID,F_PermissionID) VALUES (3,323);  SELECT @k + 323;
--	INSERT INTO T_Role_Permission (F_RoleID,F_PermissionID) VALUES (3,324);  SELECT @k + 324;
--	INSERT INTO T_Role_Permission (F_RoleID,F_PermissionID) VALUES (3,325);  SELECT @k + 325;
--	INSERT INTO T_Role_Permission (F_RoleID,F_PermissionID) VALUES (3,326);  SELECT @k + 326;


-- 收银员权限
-- 	INSERT INTO T_Role_Permission (F_RoleID,F_PermissionID) VALUES (1,1);  SELECT @q + 1;
-- 	INSERT INTO T_Role_Permission (F_RoleID,F_PermissionID) VALUES (1,2);  SELECT @q + 2;
 	INSERT INTO T_Role_Permission (F_RoleID,F_PermissionID) VALUES (1,3);  SELECT @q + 3;
-- 	INSERT INTO T_Role_Permission (F_RoleID,F_PermissionID) VALUES (1,4);  SELECT @q + 4;
-- 	INSERT INTO T_Role_Permission (F_RoleID,F_PermissionID) VALUES (1,5);  SELECT @q + 5;
-- 	INSERT INTO T_Role_Permission (F_RoleID,F_PermissionID) VALUES (1,6);  SELECT @q + 6;
 	INSERT INTO T_Role_Permission (F_RoleID,F_PermissionID) VALUES (1,7);  SELECT @q + 7;
 	INSERT INTO T_Role_Permission (F_RoleID,F_PermissionID) VALUES (1,8);  SELECT @q + 8;
-- 	INSERT INTO T_Role_Permission (F_RoleID,F_PermissionID) VALUES (1,9);  SELECT @q + 9;
-- 	INSERT INTO T_Role_Permission (F_RoleID,F_PermissionID) VALUES (1,10);  SELECT @q + 10;
-- 	INSERT INTO T_Role_Permission (F_RoleID,F_PermissionID) VALUES (1,11);  SELECT @q + 11;
 	INSERT INTO T_Role_Permission (F_RoleID,F_PermissionID) VALUES (1,12);  SELECT @q + 12;
-- 	INSERT INTO T_Role_Permission (F_RoleID,F_PermissionID) VALUES (1,13);  SELECT @q + 13;
-- 	INSERT INTO T_Role_Permission (F_RoleID,F_PermissionID) VALUES (1,14);  SELECT @q + 14;
-- 	INSERT INTO T_Role_Permission (F_RoleID,F_PermissionID) VALUES (1,15);  SELECT @q + 15;
 	INSERT INTO T_Role_Permission (F_RoleID,F_PermissionID) VALUES (1,16);  SELECT @q + 16;
 	INSERT INTO T_Role_Permission (F_RoleID,F_PermissionID) VALUES (1,17);  SELECT @q + 17;
-- 	INSERT INTO T_Role_Permission (F_RoleID,F_PermissionID) VALUES (1,18);  SELECT @q + 18;
 	INSERT INTO T_Role_Permission (F_RoleID,F_PermissionID) VALUES (1,19);  SELECT @q + 19;
 	INSERT INTO T_Role_Permission (F_RoleID,F_PermissionID) VALUES (1,20);  SELECT @q + 20;
 	INSERT INTO T_Role_Permission (F_RoleID,F_PermissionID) VALUES (1,21);  SELECT @q + 21;
 	INSERT INTO T_Role_Permission (F_RoleID,F_PermissionID) VALUES (1,22);  SELECT @q + 22;
 	INSERT INTO T_Role_Permission (F_RoleID,F_PermissionID) VALUES (1,23);  SELECT @q + 23;
-- 	INSERT INTO T_Role_Permission (F_RoleID,F_PermissionID) VALUES (1,24);  SELECT @q + 24;
-- 	INSERT INTO T_Role_Permission (F_RoleID,F_PermissionID) VALUES (1,25);  SELECT @q + 25;
-- 	INSERT INTO T_Role_Permission (F_RoleID,F_PermissionID) VALUES (1,26);  SELECT @q + 26;
-- 	INSERT INTO T_Role_Permission (F_RoleID,F_PermissionID) VALUES (1,27);  SELECT @q + 27;
-- 	INSERT INTO T_Role_Permission (F_RoleID,F_PermissionID) VALUES (1,28);  SELECT @q + 28;
-- 	INSERT INTO T_Role_Permission (F_RoleID,F_PermissionID) VALUES (1,29);  SELECT @q + 29;
-- 	INSERT INTO T_Role_Permission (F_RoleID,F_PermissionID) VALUES (1,30);  SELECT @q + 30;
 	INSERT INTO T_Role_Permission (F_RoleID,F_PermissionID) VALUES (1,31);  SELECT @q + 31;
 	INSERT INTO T_Role_Permission (F_RoleID,F_PermissionID) VALUES (1,32);  SELECT @q + 32;
 	INSERT INTO T_Role_Permission (F_RoleID,F_PermissionID) VALUES (1,33);  SELECT @q + 33;
-- 	INSERT INTO T_Role_Permission (F_RoleID,F_PermissionID) VALUES (1,34);  SELECT @q + 34;
 	INSERT INTO T_Role_Permission (F_RoleID,F_PermissionID) VALUES (1,35);  SELECT @q + 35;
-- 	INSERT INTO T_Role_Permission (F_RoleID,F_PermissionID) VALUES (1,36);  SELECT @q + 36;
 	INSERT INTO T_Role_Permission (F_RoleID,F_PermissionID) VALUES (1,37);  SELECT @q + 37;
 	INSERT INTO T_Role_Permission (F_RoleID,F_PermissionID) VALUES (1,38);  SELECT @q + 38;
 	INSERT INTO T_Role_Permission (F_RoleID,F_PermissionID) VALUES (1,39);  SELECT @q + 39;
-- 	INSERT INTO T_Role_Permission (F_RoleID,F_PermissionID) VALUES (1,40);  SELECT @q + 40;
 	INSERT INTO T_Role_Permission (F_RoleID,F_PermissionID) VALUES (1,41);  SELECT @q + 41;
 	INSERT INTO T_Role_Permission (F_RoleID,F_PermissionID) VALUES (1,42);  SELECT @q + 42;
-- 	INSERT INTO T_Role_Permission (F_RoleID,F_PermissionID) VALUES (1,43);  SELECT @q + 43;
 	INSERT INTO T_Role_Permission (F_RoleID,F_PermissionID) VALUES (1,44);  SELECT @q + 44;
 	INSERT INTO T_Role_Permission (F_RoleID,F_PermissionID) VALUES (1,45);  SELECT @q + 45;
-- 	INSERT INTO T_Role_Permission (F_RoleID,F_PermissionID) VALUES (1,46);  SELECT @q + 46;
 	INSERT INTO T_Role_Permission (F_RoleID,F_PermissionID) VALUES (1,47);  SELECT @q + 47;
 	INSERT INTO T_Role_Permission (F_RoleID,F_PermissionID) VALUES (1,48);  SELECT @q + 48;
-- 	INSERT INTO T_Role_Permission (F_RoleID,F_PermissionID) VALUES (1,49);  SELECT @q + 49;
-- 	INSERT INTO T_Role_Permission (F_RoleID,F_PermissionID) VALUES (1,50);  SELECT @q + 50;
-- 	INSERT INTO T_Role_Permission (F_RoleID,F_PermissionID) VALUES (1,51);  SELECT @q + 51;
 	INSERT INTO T_Role_Permission (F_RoleID,F_PermissionID) VALUES (1,52);  SELECT @q + 52;
 	INSERT INTO T_Role_Permission (F_RoleID,F_PermissionID) VALUES (1,53);  SELECT @q + 53;
-- 	INSERT INTO T_Role_Permission (F_RoleID,F_PermissionID) VALUES (1,54);  SELECT @q + 54;
-- 	INSERT INTO T_Role_Permission (F_RoleID,F_PermissionID) VALUES (1,55);  SELECT @q + 55;
-- 	INSERT INTO T_Role_Permission (F_RoleID,F_PermissionID) VALUES (1,56);  SELECT @q + 56;
 	INSERT INTO T_Role_Permission (F_RoleID,F_PermissionID) VALUES (1,57);  SELECT @q + 57;
 	INSERT INTO T_Role_Permission (F_RoleID,F_PermissionID) VALUES (1,58);  SELECT @q + 58;
-- 	INSERT INTO T_Role_Permission (F_RoleID,F_PermissionID) VALUES (1,59);  SELECT @q + 59;
 	INSERT INTO T_Role_Permission (F_RoleID,F_PermissionID) VALUES (1,60);  SELECT @q + 60;
 	INSERT INTO T_Role_Permission (F_RoleID,F_PermissionID) VALUES (1,61);  SELECT @q + 61;
-- 	INSERT INTO T_Role_Permission (F_RoleID,F_PermissionID) VALUES (1,62);  SELECT @q + 62;
-- 	INSERT INTO T_Role_Permission (F_RoleID,F_PermissionID) VALUES (1,63);  SELECT @q + 63;
-- 	INSERT INTO T_Role_Permission (F_RoleID,F_PermissionID) VALUES (1,64);  SELECT @q + 64;
 	INSERT INTO T_Role_Permission (F_RoleID,F_PermissionID) VALUES (1,65);  SELECT @q + 65;
-- 	INSERT INTO T_Role_Permission (F_RoleID,F_PermissionID) VALUES (1,66);  SELECT @q + 66;
 	INSERT INTO T_Role_Permission (F_RoleID,F_PermissionID) VALUES (1,67);  SELECT @q + 67;
-- 	INSERT INTO T_Role_Permission (F_RoleID,F_PermissionID) VALUES (1,68);  SELECT @q + 68;
-- 	INSERT INTO T_Role_Permission (F_RoleID,F_PermissionID) VALUES (1,69);  SELECT @q + 69;
 	INSERT INTO T_Role_Permission (F_RoleID,F_PermissionID) VALUES (1,70);  SELECT @q + 70;
 	INSERT INTO T_Role_Permission (F_RoleID,F_PermissionID) VALUES (1,71);  SELECT @q + 71;
 	INSERT INTO T_Role_Permission (F_RoleID,F_PermissionID) VALUES (1,72);  SELECT @q + 72;
-- 	INSERT INTO T_Role_Permission (F_RoleID,F_PermissionID) VALUES (1,73);  SELECT @q + 73;
-- 	INSERT INTO T_Role_Permission (F_RoleID,F_PermissionID) VALUES (1,74);  SELECT @q + 74;
-- 	INSERT INTO T_Role_Permission (F_RoleID,F_PermissionID) VALUES (1,75);  SELECT @q + 75;
 	INSERT INTO T_Role_Permission (F_RoleID,F_PermissionID) VALUES (1,76);  SELECT @q + 76;
-- 	INSERT INTO T_Role_Permission (F_RoleID,F_PermissionID) VALUES (1,77);  SELECT @q + 77;
-- 	INSERT INTO T_Role_Permission (F_RoleID,F_PermissionID) VALUES (1,78);  SELECT @q + 78;
 	INSERT INTO T_Role_Permission (F_RoleID,F_PermissionID) VALUES (1,79);  SELECT @q + 79;
 	INSERT INTO T_Role_Permission (F_RoleID,F_PermissionID) VALUES (1,80);  SELECT @q + 80;
-- 	INSERT INTO T_Role_Permission (F_RoleID,F_PermissionID) VALUES (1,81);  SELECT @q + 81;
-- 	INSERT INTO T_Role_Permission (F_RoleID,F_PermissionID) VALUES (1,82);  SELECT @q + 82;
-- 	INSERT INTO T_Role_Permission (F_RoleID,F_PermissionID) VALUES (1,83);  SELECT @q + 83;
-- 	INSERT INTO T_Role_Permission (F_RoleID,F_PermissionID) VALUES (1,84);  SELECT @q + 84;
 	INSERT INTO T_Role_Permission (F_RoleID,F_PermissionID) VALUES (1,85);  SELECT @q + 85;
 	INSERT INTO T_Role_Permission (F_RoleID,F_PermissionID) VALUES (1,86);  SELECT @q + 86;
-- 	INSERT INTO T_Role_Permission (F_RoleID,F_PermissionID) VALUES (1,87);  SELECT @q + 87;
-- 	INSERT INTO T_Role_Permission (F_RoleID,F_PermissionID) VALUES (1,88);  SELECT @q + 88;
-- 	INSERT INTO T_Role_Permission (F_RoleID,F_PermissionID) VALUES (1,89);  SELECT @q + 89;
-- 	INSERT INTO T_Role_Permission (F_RoleID,F_PermissionID) VALUES (1,90);  SELECT @q + 90;
 	INSERT INTO T_Role_Permission (F_RoleID,F_PermissionID) VALUES (1,91);  SELECT @q + 91;
 	INSERT INTO T_Role_Permission (F_RoleID,F_PermissionID) VALUES (1,92);  SELECT @q + 92;
 	INSERT INTO T_Role_Permission (F_RoleID,F_PermissionID) VALUES (1,93);  SELECT @q + 93;
 	INSERT INTO T_Role_Permission (F_RoleID,F_PermissionID) VALUES (1,94);  SELECT @q + 94;
 	INSERT INTO T_Role_Permission (F_RoleID,F_PermissionID) VALUES (1,95);  SELECT @q + 95;
 	INSERT INTO T_Role_Permission (F_RoleID,F_PermissionID) VALUES (1,96);  SELECT @q + 96;
 	INSERT INTO T_Role_Permission (F_RoleID,F_PermissionID) VALUES (1,97);  SELECT @q + 97;
 	INSERT INTO T_Role_Permission (F_RoleID,F_PermissionID) VALUES (1,98);  SELECT @q + 98;
 	INSERT INTO T_Role_Permission (F_RoleID,F_PermissionID) VALUES (1,99);  SELECT @q + 99;
-- 	INSERT INTO T_Role_Permission (F_RoleID,F_PermissionID) VALUES (1,100);  SELECT @q + 100;
-- 	INSERT INTO T_Role_Permission (F_RoleID,F_PermissionID) VALUES (1,101);  SELECT @q + 101;
 	INSERT INTO T_Role_Permission (F_RoleID,F_PermissionID) VALUES (1,102);  SELECT @q + 102;
 	INSERT INTO T_Role_Permission (F_RoleID,F_PermissionID) VALUES (1,103);  SELECT @q + 103;
-- 	INSERT INTO T_Role_Permission (F_RoleID,F_PermissionID) VALUES (1,104);  SELECT @q + 104;
-- 	INSERT INTO T_Role_Permission (F_RoleID,F_PermissionID) VALUES (1,105);  SELECT @q + 105;
-- 	INSERT INTO T_Role_Permission (F_RoleID,F_PermissionID) VALUES (1,106);  SELECT @q + 106;
 	INSERT INTO T_Role_Permission (F_RoleID,F_PermissionID) VALUES (1,107);  SELECT @q + 107;
 	INSERT INTO T_Role_Permission (F_RoleID,F_PermissionID) VALUES (1,108);  SELECT @q + 108;
-- 	INSERT INTO T_Role_Permission (F_RoleID,F_PermissionID) VALUES (1,109);  SELECT @q + 109;
-- 	INSERT INTO T_Role_Permission (F_RoleID,F_PermissionID) VALUES (1,110);  SELECT @q + 110;
-- 	INSERT INTO T_Role_Permission (F_RoleID,F_PermissionID) VALUES (1,111);  SELECT @q + 111;
-- 	INSERT INTO T_Role_Permission (F_RoleID,F_PermissionID) VALUES (1,112);  SELECT @q + 112;
 	INSERT INTO T_Role_Permission (F_RoleID,F_PermissionID) VALUES (1,113);  SELECT @q + 113;
 	INSERT INTO T_Role_Permission (F_RoleID,F_PermissionID) VALUES (1,114);  SELECT @q + 114;
-- 	INSERT INTO T_Role_Permission (F_RoleID,F_PermissionID) VALUES (1,115);  SELECT @q + 115;
-- 	INSERT INTO T_Role_Permission (F_RoleID,F_PermissionID) VALUES (1,116);  SELECT @q + 116;
-- 	INSERT INTO T_Role_Permission (F_RoleID,F_PermissionID) VALUES (1,117);  SELECT @q + 117;
 	INSERT INTO T_Role_Permission (F_RoleID,F_PermissionID) VALUES (1,118);  SELECT @q + 118;
-- 	INSERT INTO T_Role_Permission (F_RoleID,F_PermissionID) VALUES (1,119);  SELECT @q + 119;
-- 	INSERT INTO T_Role_Permission (F_RoleID,F_PermissionID) VALUES (1,120);  SELECT @q + 120;
-- 	INSERT INTO T_Role_Permission (F_RoleID,F_PermissionID) VALUES (1,121);  SELECT @q + 121;
 	INSERT INTO T_Role_Permission (F_RoleID,F_PermissionID) VALUES (1,122);  SELECT @q + 122;
 	INSERT INTO T_Role_Permission (F_RoleID,F_PermissionID) VALUES (1,123);  SELECT @q + 123;
-- 	INSERT INTO T_Role_Permission (F_RoleID,F_PermissionID) VALUES (1,124);  SELECT @q + 124;
-- 	INSERT INTO T_Role_Permission (F_RoleID,F_PermissionID) VALUES (1,125);  SELECT @q + 125;
-- 	INSERT INTO T_Role_Permission (F_RoleID,F_PermissionID) VALUES (1,126);  SELECT @q + 126;
 	INSERT INTO T_Role_Permission (F_RoleID,F_PermissionID) VALUES (1,127);  SELECT @q + 127;
-- 	INSERT INTO T_Role_Permission (F_RoleID,F_PermissionID) VALUES (1,128);  SELECT @q + 128;
-- 	INSERT INTO T_Role_Permission (F_RoleID,F_PermissionID) VALUES (1,129);  SELECT @q + 129;
 	INSERT INTO T_Role_Permission (F_RoleID,F_PermissionID) VALUES (1,130);  SELECT @q + 130;
 	INSERT INTO T_Role_Permission (F_RoleID,F_PermissionID) VALUES (1,131);  SELECT @q + 131;
 	INSERT INTO T_Role_Permission (F_RoleID,F_PermissionID) VALUES (1,132);  SELECT @q + 132;
-- 	INSERT INTO T_Role_Permission (F_RoleID,F_PermissionID) VALUES (1,133);  SELECT @q + 133;
-- 	INSERT INTO T_Role_Permission (F_RoleID,F_PermissionID) VALUES (1,134);  SELECT @q + 134;
-- 	INSERT INTO T_Role_Permission (F_RoleID,F_PermissionID) VALUES (1,135);  SELECT @q + 135;
 	INSERT INTO T_Role_Permission (F_RoleID,F_PermissionID) VALUES (1,136);  SELECT @q + 136;
 	INSERT INTO T_Role_Permission (F_RoleID,F_PermissionID) VALUES (1,137);  SELECT @q + 137;
-- 	INSERT INTO T_Role_Permission (F_RoleID,F_PermissionID) VALUES (1,138);  SELECT @q + 138;
-- 	INSERT INTO T_Role_Permission (F_RoleID,F_PermissionID) VALUES (1,139);  SELECT @q + 139;
-- 	INSERT INTO T_Role_Permission (F_RoleID,F_PermissionID) VALUES (1,140);  SELECT @q + 140;
 	INSERT INTO T_Role_Permission (F_RoleID,F_PermissionID) VALUES (1,141);  SELECT @q + 141;
 	INSERT INTO T_Role_Permission (F_RoleID,F_PermissionID) VALUES (1,142);  SELECT @q + 142;
 	INSERT INTO T_Role_Permission (F_RoleID,F_PermissionID) VALUES (1,143);  SELECT @q + 143;
-- 	INSERT INTO T_Role_Permission (F_RoleID,F_PermissionID) VALUES (1,144);  SELECT @q + 144;
-- 	INSERT INTO T_Role_Permission (F_RoleID,F_PermissionID) VALUES (1,145);  SELECT @q + 145;
-- 	INSERT INTO T_Role_Permission (F_RoleID,F_PermissionID) VALUES (1,146);  SELECT @q + 146;
 	INSERT INTO T_Role_Permission (F_RoleID,F_PermissionID) VALUES (1,147);  SELECT @q + 147;
 	INSERT INTO T_Role_Permission (F_RoleID,F_PermissionID) VALUES (1,148);  SELECT @q + 148;
 	INSERT INTO T_Role_Permission (F_RoleID,F_PermissionID) VALUES (1,149);  SELECT @q + 149;
-- 	INSERT INTO T_Role_Permission (F_RoleID,F_PermissionID) VALUES (1,150);  SELECT @q + 150;
-- 	INSERT INTO T_Role_Permission (F_RoleID,F_PermissionID) VALUES (1,151);  SELECT @q + 151;
 	INSERT INTO T_Role_Permission (F_RoleID,F_PermissionID) VALUES (1,152);  SELECT @q + 152;
-- 	INSERT INTO T_Role_Permission (F_RoleID,F_PermissionID) VALUES (1,153);  SELECT @q + 153;
-- 	INSERT INTO T_Role_Permission (F_RoleID,F_PermissionID) VALUES (1,154);  SELECT @q + 154;
 	INSERT INTO T_Role_Permission (F_RoleID,F_PermissionID) VALUES (1,155);  SELECT @q + 155;
 	INSERT INTO T_Role_Permission (F_RoleID,F_PermissionID) VALUES (1,156);  SELECT @q + 156;
 	INSERT INTO T_Role_Permission (F_RoleID,F_PermissionID) VALUES (1,157);  SELECT @q + 157;
-- 	INSERT INTO T_Role_Permission (F_RoleID,F_PermissionID) VALUES (1,158);  SELECT @q + 158;
 	INSERT INTO T_Role_Permission (F_RoleID,F_PermissionID) VALUES (1,159);  SELECT @q + 159;
 	INSERT INTO T_Role_Permission (F_RoleID,F_PermissionID) VALUES (1,160);  SELECT @q + 160;
 	INSERT INTO T_Role_Permission (F_RoleID,F_PermissionID) VALUES (1,161);  SELECT @q + 161;
 	INSERT INTO T_Role_Permission (F_RoleID,F_PermissionID) VALUES (1,162);  SELECT @q + 162;
 	INSERT INTO T_Role_Permission (F_RoleID,F_PermissionID) VALUES (1,163);  SELECT @q + 163;
 	INSERT INTO T_Role_Permission (F_RoleID,F_PermissionID) VALUES (1,164);  SELECT @q + 164;
 	INSERT INTO T_Role_Permission (F_RoleID,F_PermissionID) VALUES (1,165);  SELECT @q + 165;
 	INSERT INTO T_Role_Permission (F_RoleID,F_PermissionID) VALUES (1,166);  SELECT @q + 166;
 	INSERT INTO T_Role_Permission (F_RoleID,F_PermissionID) VALUES (1,167);  SELECT @q + 167;
 	INSERT INTO T_Role_Permission (F_RoleID,F_PermissionID) VALUES (1,168);  SELECT @q + 168;
-- 	INSERT INTO T_Role_Permission (F_RoleID,F_PermissionID) VALUES (1,169);  SELECT @q + 169;
-- 	INSERT INTO T_Role_Permission (F_RoleID,F_PermissionID) VALUES (1,170);  SELECT @q + 170;
-- 	INSERT INTO T_Role_Permission (F_RoleID,F_PermissionID) VALUES (1,171);  SELECT @q + 171;
-- 	INSERT INTO T_Role_Permission (F_RoleID,F_PermissionID) VALUES (1,172);  SELECT @q + 172;
-- 	INSERT INTO T_Role_Permission (F_RoleID,F_PermissionID) VALUES (1,173);  SELECT @q + 173;
-- 	INSERT INTO T_Role_Permission (F_RoleID,F_PermissionID) VALUES (1,174);  SELECT @q + 174;
 	INSERT INTO T_Role_Permission (F_RoleID,F_PermissionID) VALUES (1,175);  SELECT @q + 175;
 	INSERT INTO T_Role_Permission (F_RoleID,F_PermissionID) VALUES (1,176);  SELECT @q + 176;
-- 	INSERT INTO T_Role_Permission (F_RoleID,F_PermissionID) VALUES (1,177);  SELECT @q + 177;
-- 	INSERT INTO T_Role_Permission (F_RoleID,F_PermissionID) VALUES (1,178);  SELECT @q + 178;
-- 	INSERT INTO T_Role_Permission (F_RoleID,F_PermissionID) VALUES (1,179);  SELECT @q + 179;
-- 	INSERT INTO T_Role_Permission (F_RoleID,F_PermissionID) VALUES (1,180);  SELECT @q + 180;
 	INSERT INTO T_Role_Permission (F_RoleID,F_PermissionID) VALUES (1,181);  SELECT @q + 181;
 	INSERT INTO T_Role_Permission (F_RoleID,F_PermissionID) VALUES (1,182);  SELECT @q + 182;
 	INSERT INTO T_Role_Permission (F_RoleID,F_PermissionID) VALUES (1,183);  SELECT @q + 183;
-- 	INSERT INTO T_Role_Permission (F_RoleID,F_PermissionID) VALUES (1,184);  SELECT @q + 184;
 	INSERT INTO T_Role_Permission (F_RoleID,F_PermissionID) VALUES (1,185);  SELECT @q + 185;
 	INSERT INTO T_Role_Permission (F_RoleID,F_PermissionID) VALUES (1,186);  SELECT @q + 186;
 	INSERT INTO T_Role_Permission (F_RoleID,F_PermissionID) VALUES (1,187);  SELECT @q + 187;
-- 	INSERT INTO T_Role_Permission (F_RoleID,F_PermissionID) VALUES (1,188);  SELECT @q + 188;
 	INSERT INTO T_Role_Permission (F_RoleID,F_PermissionID) VALUES (1,189);  SELECT @q + 189;
-- 	INSERT INTO T_Role_Permission (F_RoleID,F_PermissionID) VALUES (1,190);  SELECT @q + 190;
 	INSERT INTO T_Role_Permission (F_RoleID,F_PermissionID) VALUES (1,191);  SELECT @q + 191;
-- 	INSERT INTO T_Role_Permission (F_RoleID,F_PermissionID) VALUES (1,192);  SELECT @q + 192;
 	INSERT INTO T_Role_Permission (F_RoleID,F_PermissionID) VALUES (1,193);  SELECT @q + 193;
 	INSERT INTO T_Role_Permission (F_RoleID,F_PermissionID) VALUES (1,194);  SELECT @q + 194;
 	INSERT INTO T_Role_Permission (F_RoleID,F_PermissionID) VALUES (1,195);  SELECT @q + 195;
-- 	INSERT INTO T_Role_Permission (F_RoleID,F_PermissionID) VALUES (1,196);  SELECT @q + 196;
 	INSERT INTO T_Role_Permission (F_RoleID,F_PermissionID) VALUES (1,197);  SELECT @q + 197;
-- 	INSERT INTO T_Role_Permission (F_RoleID,F_PermissionID) VALUES (1,198);  SELECT @q + 198;
-- 	INSERT INTO T_Role_Permission (F_RoleID,F_PermissionID) VALUES (1,199);  SELECT @q + 199;
 	INSERT INTO T_Role_Permission (F_RoleID,F_PermissionID) VALUES (1,200);  SELECT @q + 200;
 	INSERT INTO T_Role_Permission (F_RoleID,F_PermissionID) VALUES (1,201);  SELECT @q + 201;
-- 	INSERT INTO T_Role_Permission (F_RoleID,F_PermissionID) VALUES (1,202);  SELECT @q + 202;
-- 	INSERT INTO T_Role_Permission (F_RoleID,F_PermissionID) VALUES (1,203);  SELECT @q + 203;
-- 	INSERT INTO T_Role_Permission (F_RoleID,F_PermissionID) VALUES (1,204);  SELECT @q + 204;
 	INSERT INTO T_Role_Permission (F_RoleID,F_PermissionID) VALUES (1,205);  SELECT @q + 205;
 	INSERT INTO T_Role_Permission (F_RoleID,F_PermissionID) VALUES (1,206);  SELECT @q + 206;
 	INSERT INTO T_Role_Permission (F_RoleID,F_PermissionID) VALUES (1,207);  SELECT @q + 207;
-- 	INSERT INTO T_Role_Permission (F_RoleID,F_PermissionID) VALUES (1,208);  SELECT @q + 208;
 	INSERT INTO T_Role_Permission (F_RoleID,F_PermissionID) VALUES (1,209);  SELECT @q + 209;
-- 	INSERT INTO T_Role_Permission (F_RoleID,F_PermissionID) VALUES (1,210);  SELECT @q + 210;
 	INSERT INTO T_Role_Permission (F_RoleID,F_PermissionID) VALUES (1,211);  SELECT @q + 211;
 	INSERT INTO T_Role_Permission (F_RoleID,F_PermissionID) VALUES (1,212);  SELECT @q + 212;
 	INSERT INTO T_Role_Permission (F_RoleID,F_PermissionID) VALUES (1,213);  SELECT @q + 213;
-- 	INSERT INTO T_Role_Permission (F_RoleID,F_PermissionID) VALUES (1,214);  SELECT @q + 214;
 	INSERT INTO T_Role_Permission (F_RoleID,F_PermissionID) VALUES (1,215);  SELECT @q + 215;
 	INSERT INTO T_Role_Permission (F_RoleID,F_PermissionID) VALUES (1,216);  SELECT @q + 216;
 	INSERT INTO T_Role_Permission (F_RoleID,F_PermissionID) VALUES (1,217);  SELECT @q + 217;
 	INSERT INTO T_Role_Permission (F_RoleID,F_PermissionID) VALUES (1,218);  SELECT @q + 218;
-- 	INSERT INTO T_Role_Permission (F_RoleID,F_PermissionID) VALUES (1,219);  SELECT @q + 219;
 	INSERT INTO T_Role_Permission (F_RoleID,F_PermissionID) VALUES (1,220);  SELECT @q + 220;
 	INSERT INTO T_Role_Permission (F_RoleID,F_PermissionID) VALUES (1,221);  SELECT @q + 221;
 	INSERT INTO T_Role_Permission (F_RoleID,F_PermissionID) VALUES (1,222);  SELECT @q + 222;
 	INSERT INTO T_Role_Permission (F_RoleID,F_PermissionID) VALUES (1,223);  SELECT @q + 223;
-- 	INSERT INTO T_Role_Permission (F_RoleID,F_PermissionID) VALUES (1,224);  SELECT @q + 224;
-- 	INSERT INTO T_Role_Permission (F_RoleID,F_PermissionID) VALUES (1,225);  SELECT @q + 225;
 	INSERT INTO T_Role_Permission (F_RoleID,F_PermissionID) VALUES (1,226);  SELECT @q + 226;
 	INSERT INTO T_Role_Permission (F_RoleID,F_PermissionID) VALUES (1,227);  SELECT @q + 227;
 	INSERT INTO T_Role_Permission (F_RoleID,F_PermissionID) VALUES (1,228);  SELECT @q + 228;
 	INSERT INTO T_Role_Permission (F_RoleID,F_PermissionID) VALUES (1,229);  SELECT @q + 229;
-- 	INSERT INTO T_Role_Permission (F_RoleID,F_PermissionID) VALUES (1,230);  SELECT @q + 230;
--	INSERT INTO T_Role_Permission (F_RoleID,F_PermissionID) VALUES (1,231);  SELECT @q + 231;
--	INSERT INTO T_Role_Permission (F_RoleID,F_PermissionID) VALUES (1,232);  SELECT @q + 232;
--	INSERT INTO T_Role_Permission (F_RoleID,F_PermissionID) VALUES (1,233);  SELECT @q + 233;
--	INSERT INTO T_Role_Permission (F_RoleID,F_PermissionID) VALUES (1,234);  SELECT @q + 234;
--	INSERT INTO T_Role_Permission (F_RoleID,F_PermissionID) VALUES (1,235);  SELECT @q + 235;
--	INSERT INTO T_Role_Permission (F_RoleID,F_PermissionID) VALUES (1,236);  SELECT @q + 236;
--	INSERT INTO T_Role_Permission (F_RoleID,F_PermissionID) VALUES (1,237);  SELECT @q + 237;
--	INSERT INTO T_Role_Permission (F_RoleID,F_PermissionID) VALUES (1,238);  SELECT @q + 238;
--  INSERT INTO T_Role_Permission (F_RoleID,F_PermissionID) VALUES (1,239);  SELECT @q + 239;
    INSERT INTO T_Role_Permission (F_RoleID,F_PermissionID) VALUES (1,240);  SELECT @q + 240;
--	INSERT INTO T_Role_Permission (F_RoleID,F_PermissionID) VALUES (1,241);  SELECT @q + 241;
--	INSERT INTO T_Role_Permission (F_RoleID,F_PermissionID) VALUES (1,242);  SELECT @q + 242;
--	INSERT INTO T_Role_Permission (F_RoleID,F_PermissionID) VALUES (1,243);  SELECT @q + 243;
--	INSERT INTO T_Role_Permission (F_RoleID,F_PermissionID) VALUES (1,244);  SELECT @q + 244;
--	INSERT INTO T_Role_Permission (F_RoleID,F_PermissionID) VALUES (1,245);  SELECT @q + 245;
--	INSERT INTO T_Role_Permission (F_RoleID,F_PermissionID) VALUES (1,246);  SELECT @q + 246;
--	INSERT INTO T_Role_Permission (F_RoleID,F_PermissionID) VALUES (1,247);  SELECT @q + 247;
--	INSERT INTO T_Role_Permission (F_RoleID,F_PermissionID) VALUES (1,248);  SELECT @q + 248;
--	INSERT INTO T_Role_Permission (F_RoleID,F_PermissionID) VALUES (1,249);  SELECT @q + 249;
--	INSERT INTO T_Role_Permission (F_RoleID,F_PermissionID) VALUES (1,250);  SELECT @q + 250;
--	INSERT INTO T_Role_Permission (F_RoleID,F_PermissionID) VALUES (1,251);  SELECT @q + 251;
--	INSERT INTO T_Role_Permission (F_RoleID,F_PermissionID) VALUES (1,252);  SELECT @q + 252;
--	INSERT INTO T_Role_Permission (F_RoleID,F_PermissionID) VALUES (1,253);  SELECT @q + 253;
--	INSERT INTO T_Role_Permission (F_RoleID,F_PermissionID) VALUES (1,254);  SELECT @q + 254;
--	INSERT INTO T_Role_Permission (F_RoleID,F_PermissionID) VALUES (1,255);  SELECT @q + 255;
--	INSERT INTO T_Role_Permission (F_RoleID,F_PermissionID) VALUES (1,256);  SELECT @q + 256;
--	INSERT INTO T_Role_Permission (F_RoleID,F_PermissionID) VALUES (1,257);  SELECT @q + 257;
--	INSERT INTO T_Role_Permission (F_RoleID,F_PermissionID) VALUES (1,258);  SELECT @q + 258;
--	INSERT INTO T_Role_Permission (F_RoleID,F_PermissionID) VALUES (1,259);  SELECT @q + 259;
--	INSERT INTO T_Role_Permission (F_RoleID,F_PermissionID) VALUES (1,260);  SELECT @q + 260;
--	INSERT INTO T_Role_Permission (F_RoleID,F_PermissionID) VALUES (1,261);  SELECT @q + 261;
--	INSERT INTO T_Role_Permission (F_RoleID,F_PermissionID) VALUES (1,262);  SELECT @q + 262;
--	INSERT INTO T_Role_Permission (F_RoleID,F_PermissionID) VALUES (1,263);  SELECT @q + 263;
--	INSERT INTO T_Role_Permission (F_RoleID,F_PermissionID) VALUES (1,264);  SELECT @q + 264;
--	INSERT INTO T_Role_Permission (F_RoleID,F_PermissionID) VALUES (1,265);  SELECT @q + 265;
--	INSERT INTO T_Role_Permission (F_RoleID,F_PermissionID) VALUES (1,266);  SELECT @q + 266;
--	INSERT INTO T_Role_Permission (F_RoleID,F_PermissionID) VALUES (1,267);  SELECT @q + 267;
--	INSERT INTO T_Role_Permission (F_RoleID,F_PermissionID) VALUES (1,268);  SELECT @q + 268;
--	INSERT INTO T_Role_Permission (F_RoleID,F_PermissionID) VALUES (1,269);  SELECT @q + 269;
--	INSERT INTO T_Role_Permission (F_RoleID,F_PermissionID) VALUES (1,270);  SELECT @q + 270;
--	INSERT INTO T_Role_Permission (F_RoleID,F_PermissionID) VALUES (1,271);  SELECT @q + 271;
--	INSERT INTO T_Role_Permission (F_RoleID,F_PermissionID) VALUES (1,272);  SELECT @q + 272;
--	INSERT INTO T_Role_Permission (F_RoleID,F_PermissionID) VALUES (1,273);  SELECT @q + 273;
--	INSERT INTO T_Role_Permission (F_RoleID,F_PermissionID) VALUES (1,274);  SELECT @q + 274;
--	INSERT INTO T_Role_Permission (F_RoleID,F_PermissionID) VALUES (1,275);  SELECT @q + 275;
--	INSERT INTO T_Role_Permission (F_RoleID,F_PermissionID) VALUES (1,276);  SELECT @q + 276;
--	INSERT INTO T_Role_Permission (F_RoleID,F_PermissionID) VALUES (1,277);  SELECT @q + 277;
--	INSERT INTO T_Role_Permission (F_RoleID,F_PermissionID) VALUES (1,278);  SELECT @q + 278;
--	INSERT INTO T_Role_Permission (F_RoleID,F_PermissionID) VALUES (1,279);  SELECT @q + 279;
--	INSERT INTO T_Role_Permission (F_RoleID,F_PermissionID) VALUES (1,280);  SELECT @q + 280;
--	INSERT INTO T_Role_Permission (F_RoleID,F_PermissionID) VALUES (1,281);  SELECT @q + 281;
--	INSERT INTO T_Role_Permission (F_RoleID,F_PermissionID) VALUES (1,282);  SELECT @q + 282;
--	INSERT INTO T_Role_Permission (F_RoleID,F_PermissionID) VALUES (1,283);  SELECT @q + 283;
--	INSERT INTO T_Role_Permission (F_RoleID,F_PermissionID) VALUES (1,284);  SELECT @q + 284;
--	INSERT INTO T_Role_Permission (F_RoleID,F_PermissionID) VALUES (1,285);  SELECT @q + 285;
--	INSERT INTO T_Role_Permission (F_RoleID,F_PermissionID) VALUES (1,286);  SELECT @q + 286;
--	INSERT INTO T_Role_Permission (F_RoleID,F_PermissionID) VALUES (1,287);  SELECT @q + 287;
--	INSERT INTO T_Role_Permission (F_RoleID,F_PermissionID) VALUES (1,288);  SELECT @q + 288;
--	INSERT INTO T_Role_Permission (F_RoleID,F_PermissionID) VALUES (1,289);  SELECT @q + 289;
--	INSERT INTO T_Role_Permission (F_RoleID,F_PermissionID) VALUES (1,290);  SELECT @q + 290;
--	INSERT INTO T_Role_Permission (F_RoleID,F_PermissionID) VALUES (1,291);  SELECT @q + 291;
--	INSERT INTO T_Role_Permission (F_RoleID,F_PermissionID) VALUES (1,292);  SELECT @q + 292;
--	INSERT INTO T_Role_Permission (F_RoleID,F_PermissionID) VALUES (1,293);  SELECT @q + 293;
--	INSERT INTO T_Role_Permission (F_RoleID,F_PermissionID) VALUES (1,294);  SELECT @q + 294;
--	INSERT INTO T_Role_Permission (F_RoleID,F_PermissionID) VALUES (1,295);  SELECT @q + 295;
--	INSERT INTO T_Role_Permission (F_RoleID,F_PermissionID) VALUES (1,296);  SELECT @q + 296;
 	INSERT INTO T_Role_Permission (F_RoleID,F_PermissionID) VALUES (1,297);  SELECT @q + 297;
--	INSERT INTO T_Role_Permission (F_RoleID,F_PermissionID) VALUES (1,298);  SELECT @q + 298;
--	INSERT INTO T_Role_Permission (F_RoleID,F_PermissionID) VALUES (1,299);  SELECT @q + 299;
 	INSERT INTO T_Role_Permission (F_RoleID,F_PermissionID) VALUES (1,300);  SELECT @q + 300;
 	INSERT INTO T_Role_Permission (F_RoleID,F_PermissionID) VALUES (1,301);  SELECT @q + 301;
 	INSERT INTO T_Role_Permission (F_RoleID,F_PermissionID) VALUES (1,302);  SELECT @q + 302;
 	INSERT INTO T_Role_Permission (F_RoleID,F_PermissionID) VALUES (1,303);  SELECT @q + 303;
 	INSERT INTO T_Role_Permission (F_RoleID,F_PermissionID) VALUES (1,304);  SELECT @q + 304;
 	INSERT INTO T_Role_Permission (F_RoleID,F_PermissionID) VALUES (1,305);  SELECT @q + 305;
 	INSERT INTO T_Role_Permission (F_RoleID,F_PermissionID) VALUES (1,306);  SELECT @q + 306;
 	INSERT INTO T_Role_Permission (F_RoleID,F_PermissionID) VALUES (1,307);  SELECT @q + 307;
 	INSERT INTO T_Role_Permission (F_RoleID,F_PermissionID) VALUES (1,308);  SELECT @q + 308;
 	INSERT INTO T_Role_Permission (F_RoleID,F_PermissionID) VALUES (1,309);  SELECT @q + 309;
 	INSERT INTO T_Role_Permission (F_RoleID,F_PermissionID) VALUES (1,310);  SELECT @q + 310;
--	INSERT INTO T_Role_Permission (F_RoleID,F_PermissionID) VALUES (1,311);  SELECT @q + 311;
--	INSERT INTO T_Role_Permission (F_RoleID,F_PermissionID) VALUES (1,312);  SELECT @q + 312;
--	INSERT INTO T_Role_Permission (F_RoleID,F_PermissionID) VALUES (1,313);  SELECT @q + 313;
--	INSERT INTO T_Role_Permission (F_RoleID,F_PermissionID) VALUES (1,314);  SELECT @q + 314;
--	INSERT INTO T_Role_Permission (F_RoleID,F_PermissionID) VALUES (1,315);  SELECT @q + 315;
	INSERT INTO T_Role_Permission (F_RoleID,F_PermissionID) VALUES (1,316);  SELECT @q + 316;
--	INSERT INTO T_Role_Permission (F_RoleID,F_PermissionID) VALUES (1,317);  SELECT @q + 317;
--	INSERT INTO T_Role_Permission (F_RoleID,F_PermissionID) VALUES (1,318);  SELECT @q + 318;
--	INSERT INTO T_Role_Permission (F_RoleID,F_PermissionID) VALUES (1,319);  SELECT @q + 319;
--	INSERT INTO T_Role_Permission (F_RoleID,F_PermissionID) VALUES (1,320);  SELECT @q + 320;
--	INSERT INTO T_Role_Permission (F_RoleID,F_PermissionID) VALUES (1,321);  SELECT @q + 321;
--	INSERT INTO T_Role_Permission (F_RoleID,F_PermissionID) VALUES (1,322);  SELECT @q + 322;


-- 博昕售前账号权限。如果权限数目有增减，需要同时将测试RetailTradeAggregationActionTest.testCreateEx5()里的int preSaleStaffPermissionNum = 39;中的39改为实际的记录条数
-- 	INSERT INTO T_Role_Permission (F_RoleID,F_PermissionID) VALUES (3,1);  SELECT @q + 1;
-- 	INSERT INTO T_Role_Permission (F_RoleID,F_PermissionID) VALUES (3,2);  SELECT @q + 2;
	INSERT INTO T_Role_Permission (F_RoleID,F_PermissionID) VALUES (3,3);  SELECT @q + 3;
-- 	INSERT INTO T_Role_Permission (F_RoleID,F_PermissionID) VALUES (3,4);  SELECT @q + 4;
-- 	INSERT INTO T_Role_Permission (F_RoleID,F_PermissionID) VALUES (3,5);  SELECT @q + 5;
-- 	INSERT INTO T_Role_Permission (F_RoleID,F_PermissionID) VALUES (3,6);  SELECT @q + 6;
-- 	INSERT INTO T_Role_Permission (F_RoleID,F_PermissionID) VALUES (3,7);  SELECT @q + 7;
	INSERT INTO T_Role_Permission (F_RoleID,F_PermissionID) VALUES (3,8);  SELECT @q + 8;
-- 	INSERT INTO T_Role_Permission (F_RoleID,F_PermissionID) VALUES (3,9);  SELECT @q + 9;
-- 	INSERT INTO T_Role_Permission (F_RoleID,F_PermissionID) VALUES (3,10);  SELECT @q + 10;
-- 	INSERT INTO T_Role_Permission (F_RoleID,F_PermissionID) VALUES (3,11);  SELECT @q + 11;
	INSERT INTO T_Role_Permission (F_RoleID,F_PermissionID) VALUES (3,12);  SELECT @q + 12;
-- 	INSERT INTO T_Role_Permission (F_RoleID,F_PermissionID) VALUES (3,13);  SELECT @q + 13;
-- 	INSERT INTO T_Role_Permission (F_RoleID,F_PermissionID) VALUES (3,14);  SELECT @q + 14;
-- 	INSERT INTO T_Role_Permission (F_RoleID,F_PermissionID) VALUES (3,15);  SELECT @q + 15;
-- 	INSERT INTO T_Role_Permission (F_RoleID,F_PermissionID) VALUES (3,16);  SELECT @q + 16;
	INSERT INTO T_Role_Permission (F_RoleID,F_PermissionID) VALUES (3,17);  SELECT @q + 17;
-- 	INSERT INTO T_Role_Permission (F_RoleID,F_PermissionID) VALUES (3,18);  SELECT @q + 18;
-- 	INSERT INTO T_Role_Permission (F_RoleID,F_PermissionID) VALUES (3,19);  SELECT @q + 19;
	INSERT INTO T_Role_Permission (F_RoleID,F_PermissionID) VALUES (3,20);  SELECT @q + 20;
-- 	INSERT INTO T_Role_Permission (F_RoleID,F_PermissionID) VALUES (3,21);  SELECT @q + 21;
	INSERT INTO T_Role_Permission (F_RoleID,F_PermissionID) VALUES (3,22);  SELECT @q + 22;
	INSERT INTO T_Role_Permission (F_RoleID,F_PermissionID) VALUES (3,23);  SELECT @q + 23;
-- 	INSERT INTO T_Role_Permission (F_RoleID,F_PermissionID) VALUES (3,24);  SELECT @q + 24;
-- 	INSERT INTO T_Role_Permission (F_RoleID,F_PermissionID) VALUES (3,25);  SELECT @q + 25;
-- 	INSERT INTO T_Role_Permission (F_RoleID,F_PermissionID) VALUES (3,26);  SELECT @q + 26;
-- 	INSERT INTO T_Role_Permission (F_RoleID,F_PermissionID) VALUES (3,27);  SELECT @q + 27;
-- 	INSERT INTO T_Role_Permission (F_RoleID,F_PermissionID) VALUES (3,28);  SELECT @q + 28;
-- 	INSERT INTO T_Role_Permission (F_RoleID,F_PermissionID) VALUES (3,29);  SELECT @q + 29;
-- 	INSERT INTO T_Role_Permission (F_RoleID,F_PermissionID) VALUES (3,30);  SELECT @q + 30;
-- 	INSERT INTO T_Role_Permission (F_RoleID,F_PermissionID) VALUES (3,31);  SELECT @q + 31;
-- 	INSERT INTO T_Role_Permission (F_RoleID,F_PermissionID) VALUES (3,32);  SELECT @q + 32;
-- 	INSERT INTO T_Role_Permission (F_RoleID,F_PermissionID) VALUES (3,33);  SELECT @q + 33;
-- 	INSERT INTO T_Role_Permission (F_RoleID,F_PermissionID) VALUES (3,34);  SELECT @q + 34;
-- 	INSERT INTO T_Role_Permission (F_RoleID,F_PermissionID) VALUES (3,35);  SELECT @q + 35;
-- 	INSERT INTO T_Role_Permission (F_RoleID,F_PermissionID) VALUES (3,36);  SELECT @q + 36;
-- 	INSERT INTO T_Role_Permission (F_RoleID,F_PermissionID) VALUES (3,37);  SELECT @q + 37;
-- 	INSERT INTO T_Role_Permission (F_RoleID,F_PermissionID) VALUES (3,38);  SELECT @q + 38;
-- 	INSERT INTO T_Role_Permission (F_RoleID,F_PermissionID) VALUES (3,39);  SELECT @q + 39;
-- 	INSERT INTO T_Role_Permission (F_RoleID,F_PermissionID) VALUES (3,40);  SELECT @q + 40;
-- 	INSERT INTO T_Role_Permission (F_RoleID,F_PermissionID) VALUES (3,41);  SELECT @q + 41;
-- 	INSERT INTO T_Role_Permission (F_RoleID,F_PermissionID) VALUES (3,42);  SELECT @q + 42;
-- 	INSERT INTO T_Role_Permission (F_RoleID,F_PermissionID) VALUES (3,43);  SELECT @q + 43;
-- 	INSERT INTO T_Role_Permission (F_RoleID,F_PermissionID) VALUES (3,44);  SELECT @q + 44;
-- 	INSERT INTO T_Role_Permission (F_RoleID,F_PermissionID) VALUES (3,45);  SELECT @q + 45;
-- 	INSERT INTO T_Role_Permission (F_RoleID,F_PermissionID) VALUES (3,46);  SELECT @q + 46;
-- 	INSERT INTO T_Role_Permission (F_RoleID,F_PermissionID) VALUES (3,47);  SELECT @q + 47;
-- 	INSERT INTO T_Role_Permission (F_RoleID,F_PermissionID) VALUES (3,48);  SELECT @q + 48;
-- 	INSERT INTO T_Role_Permission (F_RoleID,F_PermissionID) VALUES (3,49);  SELECT @q + 49;
-- 	INSERT INTO T_Role_Permission (F_RoleID,F_PermissionID) VALUES (3,50);  SELECT @q + 50;
-- 	INSERT INTO T_Role_Permission (F_RoleID,F_PermissionID) VALUES (3,51);  SELECT @q + 51;
	INSERT INTO T_Role_Permission (F_RoleID,F_PermissionID) VALUES (3,52);  SELECT @q + 52;
	INSERT INTO T_Role_Permission (F_RoleID,F_PermissionID) VALUES (3,53);  SELECT @q + 53;
-- 	INSERT INTO T_Role_Permission (F_RoleID,F_PermissionID) VALUES (3,54);  SELECT @q + 54;
-- 	INSERT INTO T_Role_Permission (F_RoleID,F_PermissionID) VALUES (3,55);  SELECT @q + 55;
-- 	INSERT INTO T_Role_Permission (F_RoleID,F_PermissionID) VALUES (3,56);  SELECT @q + 56;
-- 	INSERT INTO T_Role_Permission (F_RoleID,F_PermissionID) VALUES (3,57);  SELECT @q + 57;
-- 	INSERT INTO T_Role_Permission (F_RoleID,F_PermissionID) VALUES (3,58);  SELECT @q + 58;
-- 	INSERT INTO T_Role_Permission (F_RoleID,F_PermissionID) VALUES (3,59);  SELECT @q + 59;
-- 	INSERT INTO T_Role_Permission (F_RoleID,F_PermissionID) VALUES (3,60);  SELECT @q + 60;
	INSERT INTO T_Role_Permission (F_RoleID,F_PermissionID) VALUES (3,61);  SELECT @q + 61;
-- 	INSERT INTO T_Role_Permission (F_RoleID,F_PermissionID) VALUES (3,62);  SELECT @q + 62;
-- 	INSERT INTO T_Role_Permission (F_RoleID,F_PermissionID) VALUES (3,63);  SELECT @q + 63;
-- 	INSERT INTO T_Role_Permission (F_RoleID,F_PermissionID) VALUES (3,64);  SELECT @q + 64;
	INSERT INTO T_Role_Permission (F_RoleID,F_PermissionID) VALUES (3,65);  SELECT @q + 65;
-- 	INSERT INTO T_Role_Permission (F_RoleID,F_PermissionID) VALUES (3,66);  SELECT @q + 66;
	INSERT INTO T_Role_Permission (F_RoleID,F_PermissionID) VALUES (3,67);  SELECT @q + 67;
-- 	INSERT INTO T_Role_Permission (F_RoleID,F_PermissionID) VALUES (3,68);  SELECT @q + 68;
-- 	INSERT INTO T_Role_Permission (F_RoleID,F_PermissionID) VALUES (3,69);  SELECT @q + 69;
	INSERT INTO T_Role_Permission (F_RoleID,F_PermissionID) VALUES (3,70);  SELECT @q + 70;
	INSERT INTO T_Role_Permission (F_RoleID,F_PermissionID) VALUES (3,71);  SELECT @q + 71;
	INSERT INTO T_Role_Permission (F_RoleID,F_PermissionID) VALUES (3,72);  SELECT @q + 72;
-- 	INSERT INTO T_Role_Permission (F_RoleID,F_PermissionID) VALUES (3,73);  SELECT @q + 73;
-- 	INSERT INTO T_Role_Permission (F_RoleID,F_PermissionID) VALUES (3,74);  SELECT @q + 74;
-- 	INSERT INTO T_Role_Permission (F_RoleID,F_PermissionID) VALUES (3,75);  SELECT @q + 75;
	INSERT INTO T_Role_Permission (F_RoleID,F_PermissionID) VALUES (3,76);  SELECT @q + 76;
-- 	INSERT INTO T_Role_Permission (F_RoleID,F_PermissionID) VALUES (3,77);  SELECT @q + 77;
-- 	INSERT INTO T_Role_Permission (F_RoleID,F_PermissionID) VALUES (3,78);  SELECT @q + 78;
-- 	INSERT INTO T_Role_Permission (F_RoleID,F_PermissionID) VALUES (3,79);  SELECT @q + 79;
-- 	INSERT INTO T_Role_Permission (F_RoleID,F_PermissionID) VALUES (3,80);  SELECT @q + 80;
-- 	INSERT INTO T_Role_Permission (F_RoleID,F_PermissionID) VALUES (3,81);  SELECT @q + 81;
-- 	INSERT INTO T_Role_Permission (F_RoleID,F_PermissionID) VALUES (3,82);  SELECT @q + 82;
-- 	INSERT INTO T_Role_Permission (F_RoleID,F_PermissionID) VALUES (3,83);  SELECT @q + 83;
-- 	INSERT INTO T_Role_Permission (F_RoleID,F_PermissionID) VALUES (3,84);  SELECT @q + 84;
-- 	INSERT INTO T_Role_Permission (F_RoleID,F_PermissionID) VALUES (3,85);  SELECT @q + 85;
-- 	INSERT INTO T_Role_Permission (F_RoleID,F_PermissionID) VALUES (3,86);  SELECT @q + 86;
-- 	INSERT INTO T_Role_Permission (F_RoleID,F_PermissionID) VALUES (3,87);  SELECT @q + 87;
-- 	INSERT INTO T_Role_Permission (F_RoleID,F_PermissionID) VALUES (3,88);  SELECT @q + 88;
-- 	INSERT INTO T_Role_Permission (F_RoleID,F_PermissionID) VALUES (3,89);  SELECT @q + 89;
-- 	INSERT INTO T_Role_Permission (F_RoleID,F_PermissionID) VALUES (3,90);  SELECT @q + 90;
-- 	INSERT INTO T_Role_Permission (F_RoleID,F_PermissionID) VALUES (3,91);  SELECT @q + 91;
-- 	INSERT INTO T_Role_Permission (F_RoleID,F_PermissionID) VALUES (3,92);  SELECT @q + 92;
-- 	INSERT INTO T_Role_Permission (F_RoleID,F_PermissionID) VALUES (3,93);  SELECT @q + 93;
-- 	INSERT INTO T_Role_Permission (F_RoleID,F_PermissionID) VALUES (3,94);  SELECT @q + 94;
-- 	INSERT INTO T_Role_Permission (F_RoleID,F_PermissionID) VALUES (3,95);  SELECT @q + 95;
-- 	INSERT INTO T_Role_Permission (F_RoleID,F_PermissionID) VALUES (3,96);  SELECT @q + 96;
-- 	INSERT INTO T_Role_Permission (F_RoleID,F_PermissionID) VALUES (3,97);  SELECT @q + 97;
-- 	INSERT INTO T_Role_Permission (F_RoleID,F_PermissionID) VALUES (3,98);  SELECT @q + 98;
-- 	INSERT INTO T_Role_Permission (F_RoleID,F_PermissionID) VALUES (3,99);  SELECT @q + 99;
-- 	INSERT INTO T_Role_Permission (F_RoleID,F_PermissionID) VALUES (3,100);  SELECT @q + 100;
-- 	INSERT INTO T_Role_Permission (F_RoleID,F_PermissionID) VALUES (3,101);  SELECT @q + 101;
-- 	INSERT INTO T_Role_Permission (F_RoleID,F_PermissionID) VALUES (3,102);  SELECT @q + 102;
-- 	INSERT INTO T_Role_Permission (F_RoleID,F_PermissionID) VALUES (3,103);  SELECT @q + 103;
-- 	INSERT INTO T_Role_Permission (F_RoleID,F_PermissionID) VALUES (3,104);  SELECT @q + 104;
-- 	INSERT INTO T_Role_Permission (F_RoleID,F_PermissionID) VALUES (3,105);  SELECT @q + 105;
-- 	INSERT INTO T_Role_Permission (F_RoleID,F_PermissionID) VALUES (3,106);  SELECT @q + 106;
-- 	INSERT INTO T_Role_Permission (F_RoleID,F_PermissionID) VALUES (3,107);  SELECT @q + 107;
-- 	INSERT INTO T_Role_Permission (F_RoleID,F_PermissionID) VALUES (3,108);  SELECT @q + 108;
-- 	INSERT INTO T_Role_Permission (F_RoleID,F_PermissionID) VALUES (3,109);  SELECT @q + 109;
-- 	INSERT INTO T_Role_Permission (F_RoleID,F_PermissionID) VALUES (3,110);  SELECT @q + 110;
-- 	INSERT INTO T_Role_Permission (F_RoleID,F_PermissionID) VALUES (3,111);  SELECT @q + 111;
-- 	INSERT INTO T_Role_Permission (F_RoleID,F_PermissionID) VALUES (3,112);  SELECT @q + 112;
-- 	INSERT INTO T_Role_Permission (F_RoleID,F_PermissionID) VALUES (3,113);  SELECT @q + 113;
	INSERT INTO T_Role_Permission (F_RoleID,F_PermissionID) VALUES (3,114);  SELECT @q + 114;
-- 	INSERT INTO T_Role_Permission (F_RoleID,F_PermissionID) VALUES (3,115);  SELECT @q + 115;
-- 	INSERT INTO T_Role_Permission (F_RoleID,F_PermissionID) VALUES (3,116);  SELECT @q + 116;
-- 	INSERT INTO T_Role_Permission (F_RoleID,F_PermissionID) VALUES (3,117);  SELECT @q + 117;
	INSERT INTO T_Role_Permission (F_RoleID,F_PermissionID) VALUES (3,118);  SELECT @q + 118;
-- 	INSERT INTO T_Role_Permission (F_RoleID,F_PermissionID) VALUES (3,119);  SELECT @q + 119;
-- 	INSERT INTO T_Role_Permission (F_RoleID,F_PermissionID) VALUES (3,120);  SELECT @q + 120;
-- 	INSERT INTO T_Role_Permission (F_RoleID,F_PermissionID) VALUES (3,121);  SELECT @q + 121;
	INSERT INTO T_Role_Permission (F_RoleID,F_PermissionID) VALUES (3,122);  SELECT @q + 122;
	INSERT INTO T_Role_Permission (F_RoleID,F_PermissionID) VALUES (3,123);  SELECT @q + 123;
-- 	INSERT INTO T_Role_Permission (F_RoleID,F_PermissionID) VALUES (3,124);  SELECT @q + 124;
-- 	INSERT INTO T_Role_Permission (F_RoleID,F_PermissionID) VALUES (3,125);  SELECT @q + 125;
-- 	INSERT INTO T_Role_Permission (F_RoleID,F_PermissionID) VALUES (3,126);  SELECT @q + 126;
	INSERT INTO T_Role_Permission (F_RoleID,F_PermissionID) VALUES (3,127);  SELECT @q + 127;
-- 	INSERT INTO T_Role_Permission (F_RoleID,F_PermissionID) VALUES (3,128);  SELECT @q + 128;
-- 	INSERT INTO T_Role_Permission (F_RoleID,F_PermissionID) VALUES (3,129);  SELECT @q + 129;
-- 	INSERT INTO T_Role_Permission (F_RoleID,F_PermissionID) VALUES (3,130);  SELECT @q + 130;
	INSERT INTO T_Role_Permission (F_RoleID,F_PermissionID) VALUES (3,131);  SELECT @q + 131;
-- 	INSERT INTO T_Role_Permission (F_RoleID,F_PermissionID) VALUES (3,132);  SELECT @q + 132;
-- 	INSERT INTO T_Role_Permission (F_RoleID,F_PermissionID) VALUES (3,133);  SELECT @q + 133;
-- 	INSERT INTO T_Role_Permission (F_RoleID,F_PermissionID) VALUES (3,134);  SELECT @q + 134;
-- 	INSERT INTO T_Role_Permission (F_RoleID,F_PermissionID) VALUES (3,135);  SELECT @q + 135;
-- 	INSERT INTO T_Role_Permission (F_RoleID,F_PermissionID) VALUES (3,136);  SELECT @q + 136;
	INSERT INTO T_Role_Permission (F_RoleID,F_PermissionID) VALUES (3,137);  SELECT @q + 137;
-- 	INSERT INTO T_Role_Permission (F_RoleID,F_PermissionID) VALUES (3,138);  SELECT @q + 138;
-- 	INSERT INTO T_Role_Permission (F_RoleID,F_PermissionID) VALUES (3,139);  SELECT @q + 139;
-- 	INSERT INTO T_Role_Permission (F_RoleID,F_PermissionID) VALUES (3,140);  SELECT @q + 140;
-- 	INSERT INTO T_Role_Permission (F_RoleID,F_PermissionID) VALUES (3,141);  SELECT @q + 141;
-- 	INSERT INTO T_Role_Permission (F_RoleID,F_PermissionID) VALUES (3,142);  SELECT @q + 142;
-- 	INSERT INTO T_Role_Permission (F_RoleID,F_PermissionID) VALUES (3,143);  SELECT @q + 143;
-- 	INSERT INTO T_Role_Permission (F_RoleID,F_PermissionID) VALUES (3,144);  SELECT @q + 144;
-- 	INSERT INTO T_Role_Permission (F_RoleID,F_PermissionID) VALUES (3,145);  SELECT @q + 145;
-- 	INSERT INTO T_Role_Permission (F_RoleID,F_PermissionID) VALUES (3,146);  SELECT @q + 146;
-- 	INSERT INTO T_Role_Permission (F_RoleID,F_PermissionID) VALUES (3,147);  SELECT @q + 147;
-- 	INSERT INTO T_Role_Permission (F_RoleID,F_PermissionID) VALUES (3,148);  SELECT @q + 148;
-- 	INSERT INTO T_Role_Permission (F_RoleID,F_PermissionID) VALUES (3,149);  SELECT @q + 149;
-- 	INSERT INTO T_Role_Permission (F_RoleID,F_PermissionID) VALUES (3,150);  SELECT @q + 150;
-- 	INSERT INTO T_Role_Permission (F_RoleID,F_PermissionID) VALUES (3,151);  SELECT @q + 151;
-- 	INSERT INTO T_Role_Permission (F_RoleID,F_PermissionID) VALUES (3,152);  SELECT @q + 152;
-- 	INSERT INTO T_Role_Permission (F_RoleID,F_PermissionID) VALUES (3,153);  SELECT @q + 153;
-- 	INSERT INTO T_Role_Permission (F_RoleID,F_PermissionID) VALUES (3,154);  SELECT @q + 154;
-- 	INSERT INTO T_Role_Permission (F_RoleID,F_PermissionID) VALUES (3,155);  SELECT @q + 155;
-- 	INSERT INTO T_Role_Permission (F_RoleID,F_PermissionID) VALUES (3,156);  SELECT @q + 156;
-- 	INSERT INTO T_Role_Permission (F_RoleID,F_PermissionID) VALUES (3,157);  SELECT @q + 157;
-- 	INSERT INTO T_Role_Permission (F_RoleID,F_PermissionID) VALUES (3,158);  SELECT @q + 158;
-- 	INSERT INTO T_Role_Permission (F_RoleID,F_PermissionID) VALUES (3,159);  SELECT @q + 159;
-- 	INSERT INTO T_Role_Permission (F_RoleID,F_PermissionID) VALUES (3,160);  SELECT @q + 160;
	INSERT INTO T_Role_Permission (F_RoleID,F_PermissionID) VALUES (3,161);  SELECT @q + 161;
-- 	INSERT INTO T_Role_Permission (F_RoleID,F_PermissionID) VALUES (3,162);  SELECT @q + 162;
	INSERT INTO T_Role_Permission (F_RoleID,F_PermissionID) VALUES (3,163);  SELECT @q + 163;
-- 	INSERT INTO T_Role_Permission (F_RoleID,F_PermissionID) VALUES (3,164);  SELECT @q + 164;
-- 	INSERT INTO T_Role_Permission (F_RoleID,F_PermissionID) VALUES (3,165);  SELECT @q + 165;
-- 	INSERT INTO T_Role_Permission (F_RoleID,F_PermissionID) VALUES (3,166);  SELECT @q + 166;
-- 	INSERT INTO T_Role_Permission (F_RoleID,F_PermissionID) VALUES (3,167);  SELECT @q + 167;
-- 	INSERT INTO T_Role_Permission (F_RoleID,F_PermissionID) VALUES (3,168);  SELECT @q + 168;
-- 	INSERT INTO T_Role_Permission (F_RoleID,F_PermissionID) VALUES (3,169);  SELECT @q + 169;
-- 	INSERT INTO T_Role_Permission (F_RoleID,F_PermissionID) VALUES (3,170);  SELECT @q + 170;
-- 	INSERT INTO T_Role_Permission (F_RoleID,F_PermissionID) VALUES (3,171);  SELECT @q + 171;
-- 	INSERT INTO T_Role_Permission (F_RoleID,F_PermissionID) VALUES (3,172);  SELECT @q + 172;
-- 	INSERT INTO T_Role_Permission (F_RoleID,F_PermissionID) VALUES (3,173);  SELECT @q + 173;
-- 	INSERT INTO T_Role_Permission (F_RoleID,F_PermissionID) VALUES (3,174);  SELECT @q + 174;
-- 	INSERT INTO T_Role_Permission (F_RoleID,F_PermissionID) VALUES (3,175);  SELECT @q + 175;
-- 	INSERT INTO T_Role_Permission (F_RoleID,F_PermissionID) VALUES (3,176);  SELECT @q + 176;
-- 	INSERT INTO T_Role_Permission (F_RoleID,F_PermissionID) VALUES (3,177);  SELECT @q + 177;
-- 	INSERT INTO T_Role_Permission (F_RoleID,F_PermissionID) VALUES (3,178);  SELECT @q + 178;
-- 	INSERT INTO T_Role_Permission (F_RoleID,F_PermissionID) VALUES (3,179);  SELECT @q + 179;
-- 	INSERT INTO T_Role_Permission (F_RoleID,F_PermissionID) VALUES (3,180);  SELECT @q + 180;
-- 	INSERT INTO T_Role_Permission (F_RoleID,F_PermissionID) VALUES (3,181);  SELECT @q + 181;
-- 	INSERT INTO T_Role_Permission (F_RoleID,F_PermissionID) VALUES (3,182);  SELECT @q + 182;
-- 	INSERT INTO T_Role_Permission (F_RoleID,F_PermissionID) VALUES (3,183);  SELECT @q + 183;
-- 	INSERT INTO T_Role_Permission (F_RoleID,F_PermissionID) VALUES (3,184);  SELECT @q + 184;
-- 	INSERT INTO T_Role_Permission (F_RoleID,F_PermissionID) VALUES (3,185);  SELECT @q + 185;
-- 	INSERT INTO T_Role_Permission (F_RoleID,F_PermissionID) VALUES (3,186);  SELECT @q + 186;
	INSERT INTO T_Role_Permission (F_RoleID,F_PermissionID) VALUES (3,187);  SELECT @q + 187;
-- 	INSERT INTO T_Role_Permission (F_RoleID,F_PermissionID) VALUES (3,188);  SELECT @q + 188;
-- 	INSERT INTO T_Role_Permission (F_RoleID,F_PermissionID) VALUES (3,189);  SELECT @q + 189;
-- 	INSERT INTO T_Role_Permission (F_RoleID,F_PermissionID) VALUES (3,190);  SELECT @q + 190;
	INSERT INTO T_Role_Permission (F_RoleID,F_PermissionID) VALUES (3,191);  SELECT @q + 191;
-- 	INSERT INTO T_Role_Permission (F_RoleID,F_PermissionID) VALUES (3,192);  SELECT @q + 192;
-- 	INSERT INTO T_Role_Permission (F_RoleID,F_PermissionID) VALUES (3,193);  SELECT @q + 193;
	INSERT INTO T_Role_Permission (F_RoleID,F_PermissionID) VALUES (3,194);  SELECT @q + 194;
-- 	INSERT INTO T_Role_Permission (F_RoleID,F_PermissionID) VALUES (3,195);  SELECT @q + 195;
-- 	INSERT INTO T_Role_Permission (F_RoleID,F_PermissionID) VALUES (3,196);  SELECT @q + 196;
-- 	INSERT INTO T_Role_Permission (F_RoleID,F_PermissionID) VALUES (3,197);  SELECT @q + 197;
-- 	INSERT INTO T_Role_Permission (F_RoleID,F_PermissionID) VALUES (3,198);  SELECT @q + 198;
-- 	INSERT INTO T_Role_Permission (F_RoleID,F_PermissionID) VALUES (3,199);  SELECT @q + 199;
-- 	INSERT INTO T_Role_Permission (F_RoleID,F_PermissionID) VALUES (3,200);  SELECT @q + 200;
-- 	INSERT INTO T_Role_Permission (F_RoleID,F_PermissionID) VALUES (3,201);  SELECT @q + 201;
-- 	INSERT INTO T_Role_Permission (F_RoleID,F_PermissionID) VALUES (3,202);  SELECT @q + 202;
-- 	INSERT INTO T_Role_Permission (F_RoleID,F_PermissionID) VALUES (3,203);  SELECT @q + 203;
-- 	INSERT INTO T_Role_Permission (F_RoleID,F_PermissionID) VALUES (3,204);  SELECT @q + 204;
-- 	INSERT INTO T_Role_Permission (F_RoleID,F_PermissionID) VALUES (3,205);  SELECT @q + 205;
-- 	INSERT INTO T_Role_Permission (F_RoleID,F_PermissionID) VALUES (3,206);  SELECT @q + 206;
-- 	INSERT INTO T_Role_Permission (F_RoleID,F_PermissionID) VALUES (3,207);  SELECT @q + 207;
-- 	INSERT INTO T_Role_Permission (F_RoleID,F_PermissionID) VALUES (3,208);  SELECT @q + 208;
-- 	INSERT INTO T_Role_Permission (F_RoleID,F_PermissionID) VALUES (3,209);  SELECT @q + 209;
-- 	INSERT INTO T_Role_Permission (F_RoleID,F_PermissionID) VALUES (3,210);  SELECT @q + 210;
-- 	INSERT INTO T_Role_Permission (F_RoleID,F_PermissionID) VALUES (3,211);  SELECT @q + 211;
-- 	INSERT INTO T_Role_Permission (F_RoleID,F_PermissionID) VALUES (3,212);  SELECT @q + 212;
-- 	INSERT INTO T_Role_Permission (F_RoleID,F_PermissionID) VALUES (3,213);  SELECT @q + 213;
-- 	INSERT INTO T_Role_Permission (F_RoleID,F_PermissionID) VALUES (3,214);  SELECT @q + 214;
-- 	INSERT INTO T_Role_Permission (F_RoleID,F_PermissionID) VALUES (3,215);  SELECT @q + 215;
-- 	INSERT INTO T_Role_Permission (F_RoleID,F_PermissionID) VALUES (3,216);  SELECT @q + 216;
-- 	INSERT INTO T_Role_Permission (F_RoleID,F_PermissionID) VALUES (3,217);  SELECT @q + 217;
	INSERT INTO T_Role_Permission (F_RoleID,F_PermissionID) VALUES (3,218);  SELECT @q + 218;
-- 	INSERT INTO T_Role_Permission (F_RoleID,F_PermissionID) VALUES (3,219);  SELECT @q + 219;
-- 	INSERT INTO T_Role_Permission (F_RoleID,F_PermissionID) VALUES (3,220);  SELECT @q + 220;
	INSERT INTO T_Role_Permission (F_RoleID,F_PermissionID) VALUES (3,221);  SELECT @q + 221;
-- 	INSERT INTO T_Role_Permission (F_RoleID,F_PermissionID) VALUES (3,222);  SELECT @q + 222;
-- 	INSERT INTO T_Role_Permission (F_RoleID,F_PermissionID) VALUES (3,223);  SELECT @q + 223;
-- 	INSERT INTO T_Role_Permission (F_RoleID,F_PermissionID) VALUES (3,224);  SELECT @q + 224;
-- 	INSERT INTO T_Role_Permission (F_RoleID,F_PermissionID) VALUES (3,225);  SELECT @q + 225;
-- 	INSERT INTO T_Role_Permission (F_RoleID,F_PermissionID) VALUES (3,226);  SELECT @q + 226;
-- 	INSERT INTO T_Role_Permission (F_RoleID,F_PermissionID) VALUES (3,227);  SELECT @q + 227;
	INSERT INTO T_Role_Permission (F_RoleID,F_PermissionID) VALUES (3,228);  SELECT @q + 228;
-- 	INSERT INTO T_Role_Permission (F_RoleID,F_PermissionID) VALUES (3,229);  SELECT @q + 229;
-- 	INSERT INTO T_Role_Permission (F_RoleID,F_PermissionID) VALUES (3,230);  SELECT @q + 230;
--	INSERT INTO T_Role_Permission (F_RoleID,F_PermissionID) VALUES (3,231);  SELECT @q + 231;
--	INSERT INTO T_Role_Permission (F_RoleID,F_PermissionID) VALUES (3,232);  SELECT @q + 232;
--	INSERT INTO T_Role_Permission (F_RoleID,F_PermissionID) VALUES (3,233);  SELECT @q + 233;
--	INSERT INTO T_Role_Permission (F_RoleID,F_PermissionID) VALUES (3,234);  SELECT @q + 234;
--	INSERT INTO T_Role_Permission (F_RoleID,F_PermissionID) VALUES (3,235);  SELECT @q + 235;
--	INSERT INTO T_Role_Permission (F_RoleID,F_PermissionID) VALUES (3,236);  SELECT @q + 236;
--	INSERT INTO T_Role_Permission (F_RoleID,F_PermissionID) VALUES (3,237);  SELECT @q + 237;
--	INSERT INTO T_Role_Permission (F_RoleID,F_PermissionID) VALUES (3,238);  SELECT @q + 238;
--	INSERT INTO T_Role_Permission (F_RoleID,F_PermissionID) VALUES (3,239);  SELECT @q + 239;
--	INSERT INTO T_Role_Permission (F_RoleID,F_PermissionID) VALUES (3,240);  SELECT @q + 240;
--	INSERT INTO T_Role_Permission (F_RoleID,F_PermissionID) VALUES (3,241);  SELECT @q + 241;
--	INSERT INTO T_Role_Permission (F_RoleID,F_PermissionID) VALUES (3,242);  SELECT @q + 242;
--	INSERT INTO T_Role_Permission (F_RoleID,F_PermissionID) VALUES (3,243);  SELECT @q + 243;
--	INSERT INTO T_Role_Permission (F_RoleID,F_PermissionID) VALUES (3,244);  SELECT @q + 244;
--	INSERT INTO T_Role_Permission (F_RoleID,F_PermissionID) VALUES (3,245);  SELECT @q + 245;
--	INSERT INTO T_Role_Permission (F_RoleID,F_PermissionID) VALUES (3,246);  SELECT @q + 246;
--	INSERT INTO T_Role_Permission (F_RoleID,F_PermissionID) VALUES (3,247);  SELECT @q + 247;
--	INSERT INTO T_Role_Permission (F_RoleID,F_PermissionID) VALUES (3,248);  SELECT @q + 248;
--	INSERT INTO T_Role_Permission (F_RoleID,F_PermissionID) VALUES (3,249);  SELECT @q + 249;
--	INSERT INTO T_Role_Permission (F_RoleID,F_PermissionID) VALUES (3,250);  SELECT @q + 250;
--	INSERT INTO T_Role_Permission (F_RoleID,F_PermissionID) VALUES (3,251);  SELECT @q + 251;
--	INSERT INTO T_Role_Permission (F_RoleID,F_PermissionID) VALUES (3,252);  SELECT @q + 252;
--	INSERT INTO T_Role_Permission (F_RoleID,F_PermissionID) VALUES (3,253);  SELECT @q + 253;
--	INSERT INTO T_Role_Permission (F_RoleID,F_PermissionID) VALUES (3,254);  SELECT @q + 254;
--	INSERT INTO T_Role_Permission (F_RoleID,F_PermissionID) VALUES (3,255);  SELECT @q + 255;
--	INSERT INTO T_Role_Permission (F_RoleID,F_PermissionID) VALUES (3,256);  SELECT @q + 256;
--	INSERT INTO T_Role_Permission (F_RoleID,F_PermissionID) VALUES (3,257);  SELECT @q + 257;
--	INSERT INTO T_Role_Permission (F_RoleID,F_PermissionID) VALUES (3,258);  SELECT @q + 258;
--	INSERT INTO T_Role_Permission (F_RoleID,F_PermissionID) VALUES (3,259);  SELECT @q + 259;
--	INSERT INTO T_Role_Permission (F_RoleID,F_PermissionID) VALUES (3,260);  SELECT @q + 260;
--	INSERT INTO T_Role_Permission (F_RoleID,F_PermissionID) VALUES (3,261);  SELECT @q + 261;
--	INSERT INTO T_Role_Permission (F_RoleID,F_PermissionID) VALUES (3,262);  SELECT @q + 262;
--	INSERT INTO T_Role_Permission (F_RoleID,F_PermissionID) VALUES (3,263);  SELECT @q + 263;
--	INSERT INTO T_Role_Permission (F_RoleID,F_PermissionID) VALUES (3,264);  SELECT @q + 264;
--	INSERT INTO T_Role_Permission (F_RoleID,F_PermissionID) VALUES (3,265);  SELECT @q + 265;
--	INSERT INTO T_Role_Permission (F_RoleID,F_PermissionID) VALUES (3,266);  SELECT @q + 266;
--	INSERT INTO T_Role_Permission (F_RoleID,F_PermissionID) VALUES (3,267);  SELECT @q + 267;
--	INSERT INTO T_Role_Permission (F_RoleID,F_PermissionID) VALUES (3,268);  SELECT @q + 268;
--	INSERT INTO T_Role_Permission (F_RoleID,F_PermissionID) VALUES (3,269);  SELECT @q + 269;
--	INSERT INTO T_Role_Permission (F_RoleID,F_PermissionID) VALUES (3,270);  SELECT @q + 270;
--	INSERT INTO T_Role_Permission (F_RoleID,F_PermissionID) VALUES (3,271);  SELECT @q + 271;
--	INSERT INTO T_Role_Permission (F_RoleID,F_PermissionID) VALUES (3,272);  SELECT @q + 272;
--	INSERT INTO T_Role_Permission (F_RoleID,F_PermissionID) VALUES (3,273);  SELECT @q + 273;
--	INSERT INTO T_Role_Permission (F_RoleID,F_PermissionID) VALUES (3,274);  SELECT @q + 274;
--	INSERT INTO T_Role_Permission (F_RoleID,F_PermissionID) VALUES (3,275);  SELECT @q + 275;
--	INSERT INTO T_Role_Permission (F_RoleID,F_PermissionID) VALUES (3,276);  SELECT @q + 276;
--	INSERT INTO T_Role_Permission (F_RoleID,F_PermissionID) VALUES (3,277);  SELECT @q + 277;
--	INSERT INTO T_Role_Permission (F_RoleID,F_PermissionID) VALUES (3,278);  SELECT @q + 278;
--	INSERT INTO T_Role_Permission (F_RoleID,F_PermissionID) VALUES (3,279);  SELECT @q + 279;
--	INSERT INTO T_Role_Permission (F_RoleID,F_PermissionID) VALUES (3,280);  SELECT @q + 280;
--	INSERT INTO T_Role_Permission (F_RoleID,F_PermissionID) VALUES (3,281);  SELECT @q + 281;
--	INSERT INTO T_Role_Permission (F_RoleID,F_PermissionID) VALUES (3,282);  SELECT @q + 282;
--	INSERT INTO T_Role_Permission (F_RoleID,F_PermissionID) VALUES (3,283);  SELECT @q + 283;
--	INSERT INTO T_Role_Permission (F_RoleID,F_PermissionID) VALUES (3,284);  SELECT @q + 284;
--	INSERT INTO T_Role_Permission (F_RoleID,F_PermissionID) VALUES (3,285);  SELECT @q + 285;
--	INSERT INTO T_Role_Permission (F_RoleID,F_PermissionID) VALUES (3,286);  SELECT @q + 286;
--	INSERT INTO T_Role_Permission (F_RoleID,F_PermissionID) VALUES (3,287);  SELECT @q + 287;
--	INSERT INTO T_Role_Permission (F_RoleID,F_PermissionID) VALUES (3,288);  SELECT @q + 288;
--	INSERT INTO T_Role_Permission (F_RoleID,F_PermissionID) VALUES (3,289);  SELECT @q + 289;
--	INSERT INTO T_Role_Permission (F_RoleID,F_PermissionID) VALUES (3,290);  SELECT @q + 290;
--	INSERT INTO T_Role_Permission (F_RoleID,F_PermissionID) VALUES (3,291);  SELECT @q + 291;
--	INSERT INTO T_Role_Permission (F_RoleID,F_PermissionID) VALUES (3,292);  SELECT @q + 292;
--	INSERT INTO T_Role_Permission (F_RoleID,F_PermissionID) VALUES (3,293);  SELECT @q + 293;
--	INSERT INTO T_Role_Permission (F_RoleID,F_PermissionID) VALUES (3,294);  SELECT @q + 294;
--	INSERT INTO T_Role_Permission (F_RoleID,F_PermissionID) VALUES (3,295);  SELECT @q + 295;
--	INSERT INTO T_Role_Permission (F_RoleID,F_PermissionID) VALUES (3,296);  SELECT @q + 296;
--	INSERT INTO T_Role_Permission (F_RoleID,F_PermissionID) VALUES (3,297);  SELECT @q + 297;
--	INSERT INTO T_Role_Permission (F_RoleID,F_PermissionID) VALUES (3,298);  SELECT @q + 298;
--	INSERT INTO T_Role_Permission (F_RoleID,F_PermissionID) VALUES (3,299);  SELECT @q + 299;
	INSERT INTO T_Role_Permission (F_RoleID,F_PermissionID) VALUES (3,300);  SELECT @q + 300;
	INSERT INTO T_Role_Permission (F_RoleID,F_PermissionID) VALUES (3,301);  SELECT @q + 301;
	INSERT INTO T_Role_Permission (F_RoleID,F_PermissionID) VALUES (3,302);  SELECT @q + 302;
	INSERT INTO T_Role_Permission (F_RoleID,F_PermissionID) VALUES (3,303);  SELECT @q + 303;
	INSERT INTO T_Role_Permission (F_RoleID,F_PermissionID) VALUES (3,304);  SELECT @q + 304;
--	INSERT INTO T_Role_Permission (F_RoleID,F_PermissionID) VALUES (3,305);  SELECT @q + 305;
	INSERT INTO T_Role_Permission (F_RoleID,F_PermissionID) VALUES (3,306);  SELECT @q + 306;
	INSERT INTO T_Role_Permission (F_RoleID,F_PermissionID) VALUES (3,307);  SELECT @q + 307;
	INSERT INTO T_Role_Permission (F_RoleID,F_PermissionID) VALUES (3,308);  SELECT @q + 308;
--	INSERT INTO T_Role_Permission (F_RoleID,F_PermissionID) VALUES (3,309);  SELECT @q + 309;
	INSERT INTO T_Role_Permission (F_RoleID,F_PermissionID) VALUES (3,310);  SELECT @q + 310;
--	INSERT INTO T_Role_Permission (F_RoleID,F_PermissionID) VALUES (3,311);  SELECT @q + 311;
--	INSERT INTO T_Role_Permission (F_RoleID,F_PermissionID) VALUES (3,312);  SELECT @q + 312;
--	INSERT INTO T_Role_Permission (F_RoleID,F_PermissionID) VALUES (3,313);  SELECT @q + 313;
--	INSERT INTO T_Role_Permission (F_RoleID,F_PermissionID) VALUES (3,314);  SELECT @q + 314;
--	INSERT INTO T_Role_Permission (F_RoleID,F_PermissionID) VALUES (3,315);  SELECT @q + 315;
--	INSERT INTO T_Role_Permission (F_RoleID,F_PermissionID) VALUES (3,316);  SELECT @q + 316;
--	INSERT INTO T_Role_Permission (F_RoleID,F_PermissionID) VALUES (3,317);  SELECT @q + 317;
--	INSERT INTO T_Role_Permission (F_RoleID,F_PermissionID) VALUES (3,318);  SELECT @q + 318;
--	INSERT INTO T_Role_Permission (F_RoleID,F_PermissionID) VALUES (3,319);  SELECT @q + 319;
--	INSERT INTO T_Role_Permission (F_RoleID,F_PermissionID) VALUES (3,320);  SELECT @q + 320;
--	INSERT INTO T_Role_Permission (F_RoleID,F_PermissionID) VALUES (3,321);  SELECT @q + 321;
--	INSERT INTO T_Role_Permission (F_RoleID,F_PermissionID) VALUES (3,322);  SELECT @q + 322;

-- 售前帐号权限end。 如果权限数目有增减，需要同时将测试RetailTradeAggregationActionTest.testCreateEx5()里的int preSaleStaffPermissionNum = 39;中的39改为实际的记录条数

-- 本系统暂不支持创建角色的权限功能.PermissionRoleMapperTest.deleteTest需要删除某个角色拥有的权限，但又不能影响其他测试的正常运行，所以需要增加角色2的权限1、2、3，然后删除它
--	INSERT INTO T_Role_Permission (F_RoleID,F_PermissionID) VALUES (2,182);  SELECT @k + 182;
--	INSERT INTO T_Role_Permission (F_RoleID,F_PermissionID) VALUES (2,183);  SELECT @k + 183;
--	INSERT INTO T_Role_Permission (F_RoleID,F_PermissionID) VALUES (2,240);  SELECT @k + 240;
--	INSERT INTO T_Role_Permission (F_RoleID,F_PermissionID) VALUES (2,241);  SELECT @k + 241;
--	INSERT INTO T_Role_Permission (F_RoleID,F_PermissionID) VALUES (2,242);  SELECT @k + 242;
--	INSERT INTO T_Role_Permission (F_RoleID,F_PermissionID) VALUES (2,243);  SELECT @k + 243;
--	INSERT INTO T_Role_Permission (F_RoleID,F_PermissionID) VALUES (2,244);  SELECT @k + 244;
--	INSERT INTO T_Role_Permission (F_RoleID,F_PermissionID) VALUES (2,245);  SELECT @k + 245;
--	INSERT INTO T_Role_Permission (F_RoleID,F_PermissionID) VALUES (2,246);  SELECT @k + 246;
--	INSERT INTO T_Role_Permission (F_RoleID,F_PermissionID) VALUES (2,247);  SELECT @k + 247;
--	INSERT INTO T_Role_Permission (F_RoleID,F_PermissionID) VALUES (2,248);  SELECT @k + 248;
--	INSERT INTO T_Role_Permission (F_RoleID,F_PermissionID) VALUES (2,249);  SELECT @k + 249;
--	INSERT INTO T_Role_Permission (F_RoleID,F_PermissionID) VALUES (2,250);  SELECT @k + 250;
--	INSERT INTO T_Role_Permission (F_RoleID,F_PermissionID) VALUES (2,251);  SELECT @k + 251;
--	INSERT INTO T_Role_Permission (F_RoleID,F_PermissionID) VALUES (2,252);  SELECT @k + 252;
--	INSERT INTO T_Role_Permission (F_RoleID,F_PermissionID) VALUES (2,253);  SELECT @k + 253;
--	INSERT INTO T_Role_Permission (F_RoleID,F_PermissionID) VALUES (2,254);  SELECT @k + 254;
--	INSERT INTO T_Role_Permission (F_RoleID,F_PermissionID) VALUES (2,255);  SELECT @k + 255;
--	INSERT INTO T_Role_Permission (F_RoleID,F_PermissionID) VALUES (2,256);  SELECT @k + 256;

-- 2为老板角色
INSERT INTO T_Role_Permission (F_RoleID,F_PermissionID) VALUES (2,1);  SELECT @k + 1;
INSERT INTO T_Role_Permission (F_RoleID,F_PermissionID) VALUES (2,2);  SELECT @k + 2;
INSERT INTO T_Role_Permission (F_RoleID,F_PermissionID) VALUES (2,3);  SELECT @k + 3;
INSERT INTO T_Role_Permission (F_RoleID,F_PermissionID) VALUES (2,4);  SELECT @k + 4;
INSERT INTO T_Role_Permission (F_RoleID,F_PermissionID) VALUES (2,5);  SELECT @k + 5;
INSERT INTO T_Role_Permission (F_RoleID,F_PermissionID) VALUES (2,6);  SELECT @k + 6;
INSERT INTO T_Role_Permission (F_RoleID,F_PermissionID) VALUES (2,7);  SELECT @k + 7;
INSERT INTO T_Role_Permission (F_RoleID,F_PermissionID) VALUES (2,8);  SELECT @k + 8;
INSERT INTO T_Role_Permission (F_RoleID,F_PermissionID) VALUES (2,9);  SELECT @k + 9;
INSERT INTO T_Role_Permission (F_RoleID,F_PermissionID) VALUES (2,10);  SELECT @k + 10;
INSERT INTO T_Role_Permission (F_RoleID,F_PermissionID) VALUES (2,11);  SELECT @k + 11;
INSERT INTO T_Role_Permission (F_RoleID,F_PermissionID) VALUES (2,12);  SELECT @k + 12;
INSERT INTO T_Role_Permission (F_RoleID,F_PermissionID) VALUES (2,13);  SELECT @k + 13;
INSERT INTO T_Role_Permission (F_RoleID,F_PermissionID) VALUES (2,14);  SELECT @k + 14;
INSERT INTO T_Role_Permission (F_RoleID,F_PermissionID) VALUES (2,15);  SELECT @k + 15;
INSERT INTO T_Role_Permission (F_RoleID,F_PermissionID) VALUES (2,16);  SELECT @k + 16;
INSERT INTO T_Role_Permission (F_RoleID,F_PermissionID) VALUES (2,17);  SELECT @k + 17;
INSERT INTO T_Role_Permission (F_RoleID,F_PermissionID) VALUES (2,18);  SELECT @k + 18;
INSERT INTO T_Role_Permission (F_RoleID,F_PermissionID) VALUES (2,19);  SELECT @k + 19;
INSERT INTO T_Role_Permission (F_RoleID,F_PermissionID) VALUES (2,20);  SELECT @k + 20;
INSERT INTO T_Role_Permission (F_RoleID,F_PermissionID) VALUES (2,21);  SELECT @k + 21;
INSERT INTO T_Role_Permission (F_RoleID,F_PermissionID) VALUES (2,22);  SELECT @k + 22;
INSERT INTO T_Role_Permission (F_RoleID,F_PermissionID) VALUES (2,23);  SELECT @k + 23;
INSERT INTO T_Role_Permission (F_RoleID,F_PermissionID) VALUES (2,24);  SELECT @k + 24;
INSERT INTO T_Role_Permission (F_RoleID,F_PermissionID) VALUES (2,25);  SELECT @k + 25;
INSERT INTO T_Role_Permission (F_RoleID,F_PermissionID) VALUES (2,26);  SELECT @k + 26;
INSERT INTO T_Role_Permission (F_RoleID,F_PermissionID) VALUES (2,27);  SELECT @k + 27;
INSERT INTO T_Role_Permission (F_RoleID,F_PermissionID) VALUES (2,28);  SELECT @k + 28;
INSERT INTO T_Role_Permission (F_RoleID,F_PermissionID) VALUES (2,29);  SELECT @k + 29;
INSERT INTO T_Role_Permission (F_RoleID,F_PermissionID) VALUES (2,30);  SELECT @k + 30;
INSERT INTO T_Role_Permission (F_RoleID,F_PermissionID) VALUES (2,31);  SELECT @k + 31;
INSERT INTO T_Role_Permission (F_RoleID,F_PermissionID) VALUES (2,32);  SELECT @k + 32;
INSERT INTO T_Role_Permission (F_RoleID,F_PermissionID) VALUES (2,33);  SELECT @k + 33;
INSERT INTO T_Role_Permission (F_RoleID,F_PermissionID) VALUES (2,34);  SELECT @k + 34;
INSERT INTO T_Role_Permission (F_RoleID,F_PermissionID) VALUES (2,35);  SELECT @k + 35;
INSERT INTO T_Role_Permission (F_RoleID,F_PermissionID) VALUES (2,36);  SELECT @k + 36;
INSERT INTO T_Role_Permission (F_RoleID,F_PermissionID) VALUES (2,37);  SELECT @k + 37;
INSERT INTO T_Role_Permission (F_RoleID,F_PermissionID) VALUES (2,38);  SELECT @k + 38;
INSERT INTO T_Role_Permission (F_RoleID,F_PermissionID) VALUES (2,39);  SELECT @k + 39;
INSERT INTO T_Role_Permission (F_RoleID,F_PermissionID) VALUES (2,40);  SELECT @k + 40;
INSERT INTO T_Role_Permission (F_RoleID,F_PermissionID) VALUES (2,41);  SELECT @k + 41;
INSERT INTO T_Role_Permission (F_RoleID,F_PermissionID) VALUES (2,42);  SELECT @k + 42;
INSERT INTO T_Role_Permission (F_RoleID,F_PermissionID) VALUES (2,43);  SELECT @k + 43;
INSERT INTO T_Role_Permission (F_RoleID,F_PermissionID) VALUES (2,44);  SELECT @k + 44;
INSERT INTO T_Role_Permission (F_RoleID,F_PermissionID) VALUES (2,45);  SELECT @k + 45;
INSERT INTO T_Role_Permission (F_RoleID,F_PermissionID) VALUES (2,46);  SELECT @k + 46;
INSERT INTO T_Role_Permission (F_RoleID,F_PermissionID) VALUES (2,47);  SELECT @k + 47;
INSERT INTO T_Role_Permission (F_RoleID,F_PermissionID) VALUES (2,48);  SELECT @k + 48;
INSERT INTO T_Role_Permission (F_RoleID,F_PermissionID) VALUES (2,49);  SELECT @k + 49;
INSERT INTO T_Role_Permission (F_RoleID,F_PermissionID) VALUES (2,50);  SELECT @k + 50;
INSERT INTO T_Role_Permission (F_RoleID,F_PermissionID) VALUES (2,51);  SELECT @k + 51;
INSERT INTO T_Role_Permission (F_RoleID,F_PermissionID) VALUES (2,52);  SELECT @k + 52;
INSERT INTO T_Role_Permission (F_RoleID,F_PermissionID) VALUES (2,53);  SELECT @k + 53;
INSERT INTO T_Role_Permission (F_RoleID,F_PermissionID) VALUES (2,54);  SELECT @k + 54;
INSERT INTO T_Role_Permission (F_RoleID,F_PermissionID) VALUES (2,55);  SELECT @k + 55;
INSERT INTO T_Role_Permission (F_RoleID,F_PermissionID) VALUES (2,56);  SELECT @k + 56;
INSERT INTO T_Role_Permission (F_RoleID,F_PermissionID) VALUES (2,57);  SELECT @k + 57;
INSERT INTO T_Role_Permission (F_RoleID,F_PermissionID) VALUES (2,58);  SELECT @k + 58;
INSERT INTO T_Role_Permission (F_RoleID,F_PermissionID) VALUES (2,59);  SELECT @k + 59;
INSERT INTO T_Role_Permission (F_RoleID,F_PermissionID) VALUES (2,60);  SELECT @k + 60;
INSERT INTO T_Role_Permission (F_RoleID,F_PermissionID) VALUES (2,61);  SELECT @k + 61;
INSERT INTO T_Role_Permission (F_RoleID,F_PermissionID) VALUES (2,62);  SELECT @k + 62;
INSERT INTO T_Role_Permission (F_RoleID,F_PermissionID) VALUES (2,63);  SELECT @k + 63;
INSERT INTO T_Role_Permission (F_RoleID,F_PermissionID) VALUES (2,64);  SELECT @k + 64;
INSERT INTO T_Role_Permission (F_RoleID,F_PermissionID) VALUES (2,65);  SELECT @k + 65;
INSERT INTO T_Role_Permission (F_RoleID,F_PermissionID) VALUES (2,66);  SELECT @k + 66;
INSERT INTO T_Role_Permission (F_RoleID,F_PermissionID) VALUES (2,67);  SELECT @k + 67;
INSERT INTO T_Role_Permission (F_RoleID,F_PermissionID) VALUES (2,68);  SELECT @k + 68;
INSERT INTO T_Role_Permission (F_RoleID,F_PermissionID) VALUES (2,69);  SELECT @k + 69;
INSERT INTO T_Role_Permission (F_RoleID,F_PermissionID) VALUES (2,70);  SELECT @k + 70;
INSERT INTO T_Role_Permission (F_RoleID,F_PermissionID) VALUES (2,71);  SELECT @k + 71;
INSERT INTO T_Role_Permission (F_RoleID,F_PermissionID) VALUES (2,72);  SELECT @k + 72;
INSERT INTO T_Role_Permission (F_RoleID,F_PermissionID) VALUES (2,73);  SELECT @k + 73;
INSERT INTO T_Role_Permission (F_RoleID,F_PermissionID) VALUES (2,74);  SELECT @k + 74;
INSERT INTO T_Role_Permission (F_RoleID,F_PermissionID) VALUES (2,75);  SELECT @k + 75;
INSERT INTO T_Role_Permission (F_RoleID,F_PermissionID) VALUES (2,76);  SELECT @k + 76;
INSERT INTO T_Role_Permission (F_RoleID,F_PermissionID) VALUES (2,77);  SELECT @k + 77;
INSERT INTO T_Role_Permission (F_RoleID,F_PermissionID) VALUES (2,78);  SELECT @k + 78;
INSERT INTO T_Role_Permission (F_RoleID,F_PermissionID) VALUES (2,79);  SELECT @k + 79;
INSERT INTO T_Role_Permission (F_RoleID,F_PermissionID) VALUES (2,80);  SELECT @k + 80;
INSERT INTO T_Role_Permission (F_RoleID,F_PermissionID) VALUES (2,81);  SELECT @k + 81;
INSERT INTO T_Role_Permission (F_RoleID,F_PermissionID) VALUES (2,82);  SELECT @k + 82;
INSERT INTO T_Role_Permission (F_RoleID,F_PermissionID) VALUES (2,83);  SELECT @k + 83;
INSERT INTO T_Role_Permission (F_RoleID,F_PermissionID) VALUES (2,84);  SELECT @k + 84;
INSERT INTO T_Role_Permission (F_RoleID,F_PermissionID) VALUES (2,85);  SELECT @k + 85;
INSERT INTO T_Role_Permission (F_RoleID,F_PermissionID) VALUES (2,86);  SELECT @k + 86;
INSERT INTO T_Role_Permission (F_RoleID,F_PermissionID) VALUES (2,87);  SELECT @k + 87;
INSERT INTO T_Role_Permission (F_RoleID,F_PermissionID) VALUES (2,88);  SELECT @k + 88;
INSERT INTO T_Role_Permission (F_RoleID,F_PermissionID) VALUES (2,89);  SELECT @k + 89;
INSERT INTO T_Role_Permission (F_RoleID,F_PermissionID) VALUES (2,90);  SELECT @k + 90;
INSERT INTO T_Role_Permission (F_RoleID,F_PermissionID) VALUES (2,91);  SELECT @k + 91;
INSERT INTO T_Role_Permission (F_RoleID,F_PermissionID) VALUES (2,92);  SELECT @k + 92;
INSERT INTO T_Role_Permission (F_RoleID,F_PermissionID) VALUES (2,93);  SELECT @k + 93;
INSERT INTO T_Role_Permission (F_RoleID,F_PermissionID) VALUES (2,94);  SELECT @k + 94;
INSERT INTO T_Role_Permission (F_RoleID,F_PermissionID) VALUES (2,95);  SELECT @k + 95;
INSERT INTO T_Role_Permission (F_RoleID,F_PermissionID) VALUES (2,96);  SELECT @k + 96;
INSERT INTO T_Role_Permission (F_RoleID,F_PermissionID) VALUES (2,97);  SELECT @k + 97;
INSERT INTO T_Role_Permission (F_RoleID,F_PermissionID) VALUES (2,98);  SELECT @k + 98;
INSERT INTO T_Role_Permission (F_RoleID,F_PermissionID) VALUES (2,99);  SELECT @k + 99;
INSERT INTO T_Role_Permission (F_RoleID,F_PermissionID) VALUES (2,100);  SELECT @k + 100;
INSERT INTO T_Role_Permission (F_RoleID,F_PermissionID) VALUES (2,101);  SELECT @k + 101;
INSERT INTO T_Role_Permission (F_RoleID,F_PermissionID) VALUES (2,102);  SELECT @k + 102;
INSERT INTO T_Role_Permission (F_RoleID,F_PermissionID) VALUES (2,103);  SELECT @k + 103;
INSERT INTO T_Role_Permission (F_RoleID,F_PermissionID) VALUES (2,104);  SELECT @k + 104;
INSERT INTO T_Role_Permission (F_RoleID,F_PermissionID) VALUES (2,105);  SELECT @k + 105;
INSERT INTO T_Role_Permission (F_RoleID,F_PermissionID) VALUES (2,106);  SELECT @k + 106;
INSERT INTO T_Role_Permission (F_RoleID,F_PermissionID) VALUES (2,107);  SELECT @k + 107;
INSERT INTO T_Role_Permission (F_RoleID,F_PermissionID) VALUES (2,108);  SELECT @k + 108;
INSERT INTO T_Role_Permission (F_RoleID,F_PermissionID) VALUES (2,109);  SELECT @k + 109;
INSERT INTO T_Role_Permission (F_RoleID,F_PermissionID) VALUES (2,110);  SELECT @k + 110;
INSERT INTO T_Role_Permission (F_RoleID,F_PermissionID) VALUES (2,111);  SELECT @k + 111;
INSERT INTO T_Role_Permission (F_RoleID,F_PermissionID) VALUES (2,112);  SELECT @k + 112;
INSERT INTO T_Role_Permission (F_RoleID,F_PermissionID) VALUES (2,113);  SELECT @k + 113;
INSERT INTO T_Role_Permission (F_RoleID,F_PermissionID) VALUES (2,114);  SELECT @k + 114;
INSERT INTO T_Role_Permission (F_RoleID,F_PermissionID) VALUES (2,115);  SELECT @k + 115;
INSERT INTO T_Role_Permission (F_RoleID,F_PermissionID) VALUES (2,116);  SELECT @k + 116;
INSERT INTO T_Role_Permission (F_RoleID,F_PermissionID) VALUES (2,117);  SELECT @k + 117;
INSERT INTO T_Role_Permission (F_RoleID,F_PermissionID) VALUES (2,118);  SELECT @k + 118;
INSERT INTO T_Role_Permission (F_RoleID,F_PermissionID) VALUES (2,119);  SELECT @k + 119;
INSERT INTO T_Role_Permission (F_RoleID,F_PermissionID) VALUES (2,120);  SELECT @k + 120;
INSERT INTO T_Role_Permission (F_RoleID,F_PermissionID) VALUES (2,121);  SELECT @k + 121;
INSERT INTO T_Role_Permission (F_RoleID,F_PermissionID) VALUES (2,122);  SELECT @k + 122;
INSERT INTO T_Role_Permission (F_RoleID,F_PermissionID) VALUES (2,123);  SELECT @k + 123;
INSERT INTO T_Role_Permission (F_RoleID,F_PermissionID) VALUES (2,124);  SELECT @k + 124;
INSERT INTO T_Role_Permission (F_RoleID,F_PermissionID) VALUES (2,125);  SELECT @k + 125;
INSERT INTO T_Role_Permission (F_RoleID,F_PermissionID) VALUES (2,126);  SELECT @k + 126;
INSERT INTO T_Role_Permission (F_RoleID,F_PermissionID) VALUES (2,127);  SELECT @k + 127;
INSERT INTO T_Role_Permission (F_RoleID,F_PermissionID) VALUES (2,128);  SELECT @k + 128;
INSERT INTO T_Role_Permission (F_RoleID,F_PermissionID) VALUES (2,129);  SELECT @k + 129;
INSERT INTO T_Role_Permission (F_RoleID,F_PermissionID) VALUES (2,130);  SELECT @k + 130;
INSERT INTO T_Role_Permission (F_RoleID,F_PermissionID) VALUES (2,131);  SELECT @k + 131;
INSERT INTO T_Role_Permission (F_RoleID,F_PermissionID) VALUES (2,132);  SELECT @k + 132;
INSERT INTO T_Role_Permission (F_RoleID,F_PermissionID) VALUES (2,133);  SELECT @k + 133;
INSERT INTO T_Role_Permission (F_RoleID,F_PermissionID) VALUES (2,134);  SELECT @k + 134;
INSERT INTO T_Role_Permission (F_RoleID,F_PermissionID) VALUES (2,135);  SELECT @k + 135;
INSERT INTO T_Role_Permission (F_RoleID,F_PermissionID) VALUES (2,136);  SELECT @k + 136;
INSERT INTO T_Role_Permission (F_RoleID,F_PermissionID) VALUES (2,137);  SELECT @k + 137;
INSERT INTO T_Role_Permission (F_RoleID,F_PermissionID) VALUES (2,138);  SELECT @k + 138;
INSERT INTO T_Role_Permission (F_RoleID,F_PermissionID) VALUES (2,139);  SELECT @k + 139;
INSERT INTO T_Role_Permission (F_RoleID,F_PermissionID) VALUES (2,140);  SELECT @k + 140;
INSERT INTO T_Role_Permission (F_RoleID,F_PermissionID) VALUES (2,141);  SELECT @k + 141;
INSERT INTO T_Role_Permission (F_RoleID,F_PermissionID) VALUES (2,142);  SELECT @k + 142;
INSERT INTO T_Role_Permission (F_RoleID,F_PermissionID) VALUES (2,143);  SELECT @k + 143;
INSERT INTO T_Role_Permission (F_RoleID,F_PermissionID) VALUES (2,144);  SELECT @k + 144;
INSERT INTO T_Role_Permission (F_RoleID,F_PermissionID) VALUES (2,145);  SELECT @k + 145;
INSERT INTO T_Role_Permission (F_RoleID,F_PermissionID) VALUES (2,146);  SELECT @k + 146;
INSERT INTO T_Role_Permission (F_RoleID,F_PermissionID) VALUES (2,147);  SELECT @k + 147;
INSERT INTO T_Role_Permission (F_RoleID,F_PermissionID) VALUES (2,148);  SELECT @k + 148;
INSERT INTO T_Role_Permission (F_RoleID,F_PermissionID) VALUES (2,149);  SELECT @k + 149;
INSERT INTO T_Role_Permission (F_RoleID,F_PermissionID) VALUES (2,150);  SELECT @k + 150;
INSERT INTO T_Role_Permission (F_RoleID,F_PermissionID) VALUES (2,151);  SELECT @k + 151;
INSERT INTO T_Role_Permission (F_RoleID,F_PermissionID) VALUES (2,152);  SELECT @k + 152;
INSERT INTO T_Role_Permission (F_RoleID,F_PermissionID) VALUES (2,153);  SELECT @k + 153;
INSERT INTO T_Role_Permission (F_RoleID,F_PermissionID) VALUES (2,154);  SELECT @k + 154;
INSERT INTO T_Role_Permission (F_RoleID,F_PermissionID) VALUES (2,155);  SELECT @k + 155;
INSERT INTO T_Role_Permission (F_RoleID,F_PermissionID) VALUES (2,156);  SELECT @k + 156;
INSERT INTO T_Role_Permission (F_RoleID,F_PermissionID) VALUES (2,157);  SELECT @k + 157;
INSERT INTO T_Role_Permission (F_RoleID,F_PermissionID) VALUES (2,158);  SELECT @k + 158;
INSERT INTO T_Role_Permission (F_RoleID,F_PermissionID) VALUES (2,159);  SELECT @k + 159;
INSERT INTO T_Role_Permission (F_RoleID,F_PermissionID) VALUES (2,160);  SELECT @k + 160;
INSERT INTO T_Role_Permission (F_RoleID,F_PermissionID) VALUES (2,161);  SELECT @k + 161;
INSERT INTO T_Role_Permission (F_RoleID,F_PermissionID) VALUES (2,162);  SELECT @k + 162;
INSERT INTO T_Role_Permission (F_RoleID,F_PermissionID) VALUES (2,163);  SELECT @k + 163;
INSERT INTO T_Role_Permission (F_RoleID,F_PermissionID) VALUES (2,164);  SELECT @k + 164;
INSERT INTO T_Role_Permission (F_RoleID,F_PermissionID) VALUES (2,165);  SELECT @k + 165;
INSERT INTO T_Role_Permission (F_RoleID,F_PermissionID) VALUES (2,166);  SELECT @k + 166;
INSERT INTO T_Role_Permission (F_RoleID,F_PermissionID) VALUES (2,167);  SELECT @k + 167;
INSERT INTO T_Role_Permission (F_RoleID,F_PermissionID) VALUES (2,168);  SELECT @k + 168;
INSERT INTO T_Role_Permission (F_RoleID,F_PermissionID) VALUES (2,169);  SELECT @k + 169;
INSERT INTO T_Role_Permission (F_RoleID,F_PermissionID) VALUES (2,170);  SELECT @k + 170;
INSERT INTO T_Role_Permission (F_RoleID,F_PermissionID) VALUES (2,171);  SELECT @k + 171;
INSERT INTO T_Role_Permission (F_RoleID,F_PermissionID) VALUES (2,172);  SELECT @k + 172;
INSERT INTO T_Role_Permission (F_RoleID,F_PermissionID) VALUES (2,173);  SELECT @k + 173;
INSERT INTO T_Role_Permission (F_RoleID,F_PermissionID) VALUES (2,174);  SELECT @k + 174;
INSERT INTO T_Role_Permission (F_RoleID,F_PermissionID) VALUES (2,175);  SELECT @k + 175;
INSERT INTO T_Role_Permission (F_RoleID,F_PermissionID) VALUES (2,176);  SELECT @k + 176;
INSERT INTO T_Role_Permission (F_RoleID,F_PermissionID) VALUES (2,177);  SELECT @k + 177;
INSERT INTO T_Role_Permission (F_RoleID,F_PermissionID) VALUES (2,178);  SELECT @k + 178;
INSERT INTO T_Role_Permission (F_RoleID,F_PermissionID) VALUES (2,179);  SELECT @k + 179;
INSERT INTO T_Role_Permission (F_RoleID,F_PermissionID) VALUES (2,180);  SELECT @k + 180;
INSERT INTO T_Role_Permission (F_RoleID,F_PermissionID) VALUES (2,181);  SELECT @k + 181;
INSERT INTO T_Role_Permission (F_RoleID,F_PermissionID) VALUES (2,182);  SELECT @k + 182;
INSERT INTO T_Role_Permission (F_RoleID,F_PermissionID) VALUES (2,183);  SELECT @k + 183;
INSERT INTO T_Role_Permission (F_RoleID,F_PermissionID) VALUES (2,184);  SELECT @k + 184;
INSERT INTO T_Role_Permission (F_RoleID,F_PermissionID) VALUES (2,185);  SELECT @k + 185;
INSERT INTO T_Role_Permission (F_RoleID,F_PermissionID) VALUES (2,186);  SELECT @k + 186;
INSERT INTO T_Role_Permission (F_RoleID,F_PermissionID) VALUES (2,187);  SELECT @k + 187;
INSERT INTO T_Role_Permission (F_RoleID,F_PermissionID) VALUES (2,188);  SELECT @k + 188;
INSERT INTO T_Role_Permission (F_RoleID,F_PermissionID) VALUES (2,189);  SELECT @k + 189;
INSERT INTO T_Role_Permission (F_RoleID,F_PermissionID) VALUES (2,190);  SELECT @k + 190;
INSERT INTO T_Role_Permission (F_RoleID,F_PermissionID) VALUES (2,191);  SELECT @k + 191;
INSERT INTO T_Role_Permission (F_RoleID,F_PermissionID) VALUES (2,192);  SELECT @k + 192;
INSERT INTO T_Role_Permission (F_RoleID,F_PermissionID) VALUES (2,193);  SELECT @k + 193;
INSERT INTO T_Role_Permission (F_RoleID,F_PermissionID) VALUES (2,194);  SELECT @k + 194;
INSERT INTO T_Role_Permission (F_RoleID,F_PermissionID) VALUES (2,195);  SELECT @k + 195;
INSERT INTO T_Role_Permission (F_RoleID,F_PermissionID) VALUES (2,196);  SELECT @k + 196;
INSERT INTO T_Role_Permission (F_RoleID,F_PermissionID) VALUES (2,197);  SELECT @k + 197;
INSERT INTO T_Role_Permission (F_RoleID,F_PermissionID) VALUES (2,198);  SELECT @k + 198;
INSERT INTO T_Role_Permission (F_RoleID,F_PermissionID) VALUES (2,199);  SELECT @k + 199;
INSERT INTO T_Role_Permission (F_RoleID,F_PermissionID) VALUES (2,200);  SELECT @k + 200;
INSERT INTO T_Role_Permission (F_RoleID,F_PermissionID) VALUES (2,201);  SELECT @k + 201;
INSERT INTO T_Role_Permission (F_RoleID,F_PermissionID) VALUES (2,202);  SELECT @k + 202;
INSERT INTO T_Role_Permission (F_RoleID,F_PermissionID) VALUES (2,203);  SELECT @k + 203;
INSERT INTO T_Role_Permission (F_RoleID,F_PermissionID) VALUES (2,204);  SELECT @k + 204;
INSERT INTO T_Role_Permission (F_RoleID,F_PermissionID) VALUES (2,205);  SELECT @k + 205;
INSERT INTO T_Role_Permission (F_RoleID,F_PermissionID) VALUES (2,206);  SELECT @k + 206;
INSERT INTO T_Role_Permission (F_RoleID,F_PermissionID) VALUES (2,207);  SELECT @k + 207;
INSERT INTO T_Role_Permission (F_RoleID,F_PermissionID) VALUES (2,208);  SELECT @k + 208;
INSERT INTO T_Role_Permission (F_RoleID,F_PermissionID) VALUES (2,209);  SELECT @k + 209;
INSERT INTO T_Role_Permission (F_RoleID,F_PermissionID) VALUES (2,210);  SELECT @k + 210;
INSERT INTO T_Role_Permission (F_RoleID,F_PermissionID) VALUES (2,211);  SELECT @k + 211;
INSERT INTO T_Role_Permission (F_RoleID,F_PermissionID) VALUES (2,212);  SELECT @k + 212;
INSERT INTO T_Role_Permission (F_RoleID,F_PermissionID) VALUES (2,213);  SELECT @k + 213;
INSERT INTO T_Role_Permission (F_RoleID,F_PermissionID) VALUES (2,214);  SELECT @k + 214;
INSERT INTO T_Role_Permission (F_RoleID,F_PermissionID) VALUES (2,215);  SELECT @k + 215;
INSERT INTO T_Role_Permission (F_RoleID,F_PermissionID) VALUES (2,216);  SELECT @k + 216;
INSERT INTO T_Role_Permission (F_RoleID,F_PermissionID) VALUES (2,217);  SELECT @k + 217;
INSERT INTO T_Role_Permission (F_RoleID,F_PermissionID) VALUES (2,218);  SELECT @k + 218;
INSERT INTO T_Role_Permission (F_RoleID,F_PermissionID) VALUES (2,219);  SELECT @k + 219;
INSERT INTO T_Role_Permission (F_RoleID,F_PermissionID) VALUES (2,220);  SELECT @k + 220;
INSERT INTO T_Role_Permission (F_RoleID,F_PermissionID) VALUES (2,221);  SELECT @k + 221;
INSERT INTO T_Role_Permission (F_RoleID,F_PermissionID) VALUES (2,222);  SELECT @k + 222;
INSERT INTO T_Role_Permission (F_RoleID,F_PermissionID) VALUES (2,223);  SELECT @k + 223;
INSERT INTO T_Role_Permission (F_RoleID,F_PermissionID) VALUES (2,224);  SELECT @k + 224;
INSERT INTO T_Role_Permission (F_RoleID,F_PermissionID) VALUES (2,225);  SELECT @k + 225;
INSERT INTO T_Role_Permission (F_RoleID,F_PermissionID) VALUES (2,226);  SELECT @k + 226;
INSERT INTO T_Role_Permission (F_RoleID,F_PermissionID) VALUES (2,227);  SELECT @k + 227;
INSERT INTO T_Role_Permission (F_RoleID,F_PermissionID) VALUES (2,228);  SELECT @k + 228;
INSERT INTO T_Role_Permission (F_RoleID,F_PermissionID) VALUES (2,229);  SELECT @k + 229;
INSERT INTO T_Role_Permission (F_RoleID,F_PermissionID) VALUES (2,230);  SELECT @k + 230;
INSERT INTO T_Role_Permission (F_RoleID,F_PermissionID) VALUES (2,231);  SELECT @k + 231;
INSERT INTO T_Role_Permission (F_RoleID,F_PermissionID) VALUES (2,232);  SELECT @k + 232;
INSERT INTO T_Role_Permission (F_RoleID,F_PermissionID) VALUES (2,233);  SELECT @k + 233;
INSERT INTO T_Role_Permission (F_RoleID,F_PermissionID) VALUES (2,234);  SELECT @k + 234;
INSERT INTO T_Role_Permission (F_RoleID,F_PermissionID) VALUES (2,235);  SELECT @k + 235;
INSERT INTO T_Role_Permission (F_RoleID,F_PermissionID) VALUES (2,236);  SELECT @k + 236;
INSERT INTO T_Role_Permission (F_RoleID,F_PermissionID) VALUES (2,237);  SELECT @k + 237;
INSERT INTO T_Role_Permission (F_RoleID,F_PermissionID) VALUES (2,238);  SELECT @k + 238;
INSERT INTO T_Role_Permission (F_RoleID,F_PermissionID) VALUES (2,239);  SELECT @k + 239;
INSERT INTO T_Role_Permission (F_RoleID,F_PermissionID) VALUES (2,240);  SELECT @k + 240;
INSERT INTO T_Role_Permission (F_RoleID,F_PermissionID) VALUES (2,241);  SELECT @k + 241;
INSERT INTO T_Role_Permission (F_RoleID,F_PermissionID) VALUES (2,242);  SELECT @k + 242;
INSERT INTO T_Role_Permission (F_RoleID,F_PermissionID) VALUES (2,243);  SELECT @k + 243;
INSERT INTO T_Role_Permission (F_RoleID,F_PermissionID) VALUES (2,244);  SELECT @k + 244;
INSERT INTO T_Role_Permission (F_RoleID,F_PermissionID) VALUES (2,245);  SELECT @k + 245;
INSERT INTO T_Role_Permission (F_RoleID,F_PermissionID) VALUES (2,246);  SELECT @k + 246;
INSERT INTO T_Role_Permission (F_RoleID,F_PermissionID) VALUES (2,247);  SELECT @k + 247;
INSERT INTO T_Role_Permission (F_RoleID,F_PermissionID) VALUES (2,248);  SELECT @k + 248;
INSERT INTO T_Role_Permission (F_RoleID,F_PermissionID) VALUES (2,249);  SELECT @k + 249;
INSERT INTO T_Role_Permission (F_RoleID,F_PermissionID) VALUES (2,250);  SELECT @k + 250;
INSERT INTO T_Role_Permission (F_RoleID,F_PermissionID) VALUES (2,251);  SELECT @k + 251;
INSERT INTO T_Role_Permission (F_RoleID,F_PermissionID) VALUES (2,252);  SELECT @k + 252;
INSERT INTO T_Role_Permission (F_RoleID,F_PermissionID) VALUES (2,253);  SELECT @k + 253;
INSERT INTO T_Role_Permission (F_RoleID,F_PermissionID) VALUES (2,254);  SELECT @k + 254;
INSERT INTO T_Role_Permission (F_RoleID,F_PermissionID) VALUES (2,255);  SELECT @k + 255;
INSERT INTO T_Role_Permission (F_RoleID,F_PermissionID) VALUES (2,256);  SELECT @k + 256;
INSERT INTO T_Role_Permission (F_RoleID,F_PermissionID) VALUES (2,257);  SELECT @k + 257;
INSERT INTO T_Role_Permission (F_RoleID,F_PermissionID) VALUES (2,258);  SELECT @k + 258;
INSERT INTO T_Role_Permission (F_RoleID,F_PermissionID) VALUES (2,259);  SELECT @k + 259;
INSERT INTO T_Role_Permission (F_RoleID,F_PermissionID) VALUES (2,260);  SELECT @k + 260;
INSERT INTO T_Role_Permission (F_RoleID,F_PermissionID) VALUES (2,261);  SELECT @k + 261;
INSERT INTO T_Role_Permission (F_RoleID,F_PermissionID) VALUES (2,262);  SELECT @k + 262;
INSERT INTO T_Role_Permission (F_RoleID,F_PermissionID) VALUES (2,263);  SELECT @k + 263;
INSERT INTO T_Role_Permission (F_RoleID,F_PermissionID) VALUES (2,264);  SELECT @k + 264;
INSERT INTO T_Role_Permission (F_RoleID,F_PermissionID) VALUES (2,265);  SELECT @k + 265;
INSERT INTO T_Role_Permission (F_RoleID,F_PermissionID) VALUES (2,266);  SELECT @k + 266;
INSERT INTO T_Role_Permission (F_RoleID,F_PermissionID) VALUES (2,267);  SELECT @k + 267;
INSERT INTO T_Role_Permission (F_RoleID,F_PermissionID) VALUES (2,268);  SELECT @k + 268;
INSERT INTO T_Role_Permission (F_RoleID,F_PermissionID) VALUES (2,269);  SELECT @k + 269;
INSERT INTO T_Role_Permission (F_RoleID,F_PermissionID) VALUES (2,270);  SELECT @k + 270;
INSERT INTO T_Role_Permission (F_RoleID,F_PermissionID) VALUES (2,271);  SELECT @k + 271;
INSERT INTO T_Role_Permission (F_RoleID,F_PermissionID) VALUES (2,272);  SELECT @k + 272;
INSERT INTO T_Role_Permission (F_RoleID,F_PermissionID) VALUES (2,273);  SELECT @k + 273;
INSERT INTO T_Role_Permission (F_RoleID,F_PermissionID) VALUES (2,274);  SELECT @k + 274;
INSERT INTO T_Role_Permission (F_RoleID,F_PermissionID) VALUES (2,275);  SELECT @k + 275;
INSERT INTO T_Role_Permission (F_RoleID,F_PermissionID) VALUES (2,276);  SELECT @k + 276;
INSERT INTO T_Role_Permission (F_RoleID,F_PermissionID) VALUES (2,277);  SELECT @k + 277;
INSERT INTO T_Role_Permission (F_RoleID,F_PermissionID) VALUES (2,278);  SELECT @k + 278;
INSERT INTO T_Role_Permission (F_RoleID,F_PermissionID) VALUES (2,279);  SELECT @k + 279;
INSERT INTO T_Role_Permission (F_RoleID,F_PermissionID) VALUES (2,280);  SELECT @k + 280;
INSERT INTO T_Role_Permission (F_RoleID,F_PermissionID) VALUES (2,281);  SELECT @k + 281;
INSERT INTO T_Role_Permission (F_RoleID,F_PermissionID) VALUES (2,282);  SELECT @k + 282;
INSERT INTO T_Role_Permission (F_RoleID,F_PermissionID) VALUES (2,283);  SELECT @k + 283;
INSERT INTO T_Role_Permission (F_RoleID,F_PermissionID) VALUES (2,284);  SELECT @k + 284;
INSERT INTO T_Role_Permission (F_RoleID,F_PermissionID) VALUES (2,285);  SELECT @k + 285;
INSERT INTO T_Role_Permission (F_RoleID,F_PermissionID) VALUES (2,286);  SELECT @k + 286;
INSERT INTO T_Role_Permission (F_RoleID,F_PermissionID) VALUES (2,287);  SELECT @k + 287;
INSERT INTO T_Role_Permission (F_RoleID,F_PermissionID) VALUES (2,288);  SELECT @k + 288;
INSERT INTO T_Role_Permission (F_RoleID,F_PermissionID) VALUES (2,289);  SELECT @k + 289;
INSERT INTO T_Role_Permission (F_RoleID,F_PermissionID) VALUES (2,290);  SELECT @k + 290;
INSERT INTO T_Role_Permission (F_RoleID,F_PermissionID) VALUES (2,291);  SELECT @k + 291;
INSERT INTO T_Role_Permission (F_RoleID,F_PermissionID) VALUES (2,292);  SELECT @k + 292;
INSERT INTO T_Role_Permission (F_RoleID,F_PermissionID) VALUES (2,293);  SELECT @k + 293;
INSERT INTO T_Role_Permission (F_RoleID,F_PermissionID) VALUES (2,294);  SELECT @k + 294;
INSERT INTO T_Role_Permission (F_RoleID,F_PermissionID) VALUES (2,295);  SELECT @k + 295;
INSERT INTO T_Role_Permission (F_RoleID,F_PermissionID) VALUES (2,296);  SELECT @k + 296;
INSERT INTO T_Role_Permission (F_RoleID,F_PermissionID) VALUES (2,297);  SELECT @k + 297;
INSERT INTO T_Role_Permission (F_RoleID,F_PermissionID) VALUES (2,298);  SELECT @k + 298;
INSERT INTO T_Role_Permission (F_RoleID,F_PermissionID) VALUES (2,299);  SELECT @k + 299;
INSERT INTO T_Role_Permission (F_RoleID,F_PermissionID) VALUES (2,300);  SELECT @k + 300;
INSERT INTO T_Role_Permission (F_RoleID,F_PermissionID) VALUES (2,301);  SELECT @k + 301;
INSERT INTO T_Role_Permission (F_RoleID,F_PermissionID) VALUES (2,302);  SELECT @k + 302;
INSERT INTO T_Role_Permission (F_RoleID,F_PermissionID) VALUES (2,303);  SELECT @k + 303;
INSERT INTO T_Role_Permission (F_RoleID,F_PermissionID) VALUES (2,304);  SELECT @k + 304;
INSERT INTO T_Role_Permission (F_RoleID,F_PermissionID) VALUES (2,305);  SELECT @k + 305;
INSERT INTO T_Role_Permission (F_RoleID,F_PermissionID) VALUES (2,306);  SELECT @k + 306;
INSERT INTO T_Role_Permission (F_RoleID,F_PermissionID) VALUES (2,307);  SELECT @k + 307;
INSERT INTO T_Role_Permission (F_RoleID,F_PermissionID) VALUES (2,308);  SELECT @k + 308;
INSERT INTO T_Role_Permission (F_RoleID,F_PermissionID) VALUES (2,309);  SELECT @k + 309;
INSERT INTO T_Role_Permission (F_RoleID,F_PermissionID) VALUES (2,310);  SELECT @k + 310;
INSERT INTO T_Role_Permission (F_RoleID,F_PermissionID) VALUES (2,311);  SELECT @k + 311;
INSERT INTO T_Role_Permission (F_RoleID,F_PermissionID) VALUES (2,312);  SELECT @k + 312;
INSERT INTO T_Role_Permission (F_RoleID,F_PermissionID) VALUES (2,313);  SELECT @k + 313;
INSERT INTO T_Role_Permission (F_RoleID,F_PermissionID) VALUES (2,314);  SELECT @k + 314;
INSERT INTO T_Role_Permission (F_RoleID,F_PermissionID) VALUES (2,315);  SELECT @k + 315;
INSERT INTO T_Role_Permission (F_RoleID,F_PermissionID) VALUES (2,316);  SELECT @k + 316;
INSERT INTO T_Role_Permission (F_RoleID,F_PermissionID) VALUES (2,317);  SELECT @k + 317;
INSERT INTO T_Role_Permission (F_RoleID,F_PermissionID) VALUES (2,318);  SELECT @k + 318;
INSERT INTO T_Role_Permission (F_RoleID,F_PermissionID) VALUES (2,319);  SELECT @k + 319;
INSERT INTO T_Role_Permission (F_RoleID,F_PermissionID) VALUES (2,320);  SELECT @k + 320;
INSERT INTO T_Role_Permission (F_RoleID,F_PermissionID) VALUES (2,321);  SELECT @k + 321;
INSERT INTO T_Role_Permission (F_RoleID,F_PermissionID) VALUES (2,322);  SELECT @k + 322;
INSERT INTO T_Role_Permission (F_RoleID,F_PermissionID) VALUES (2,323);  SELECT @k + 323;
INSERT INTO T_Role_Permission (F_RoleID,F_PermissionID) VALUES (2,324);  SELECT @k + 324;
INSERT INTO T_Role_Permission (F_RoleID,F_PermissionID) VALUES (2,325);  SELECT @k + 325;
INSERT INTO T_Role_Permission (F_RoleID,F_PermissionID) VALUES (2,326);  SELECT @k + 326;


-- 普通配置表。以下次序不能打乱
INSERT INTO t_configgeneral (F_Name, F_Value) VALUES ('PageSize', '10');
INSERT INTO t_configgeneral (F_Name, F_Value) VALUES ('PurchasingTimeoutTaskScanStartTime', '01:00:00');
INSERT INTO t_configgeneral (F_Name, F_Value) VALUES ('PurchasingTimeoutTaskScanEndTime', '01:00:59');
INSERT INTO t_configgeneral (F_Name, F_Value) VALUES ('PurchasingTimeoutTaskFlag', '7'); -- 采购超过7天没进货的话，判为采购超时
INSERT INTO t_configgeneral (F_Name, F_Value) VALUES ('UsalableCommodityTaskScanStartTime', '01:00:00');
INSERT INTO t_configgeneral (F_Name, F_Value) VALUES ('UsalableCommodityTaskScanEndTime', '01:00:59');
INSERT INTO t_configgeneral (F_Name, F_Value) VALUES ('UsalableCommodityTaskFlag', '30');-- 超过30天没销售1件的话，判为销售超时，即滞销
INSERT INTO t_configgeneral (F_Name, F_Value) VALUES ('ShelfLifeTaskScanStartTime', '01:00:00');
INSERT INTO t_configgeneral (F_Name, F_Value) VALUES ('ShelfLifeTaskScanEndTime', '01:00:59');
INSERT INTO t_configgeneral (F_Name, F_Value) VALUES ('ShelfLifeTaskFlag', '30');-- 离保质期还有30天时，发送相应提醒消息
INSERT INTO t_configgeneral (F_Name, F_Value) VALUES ('MaxVicePackageUnit', '5');-- 商品副单位数量上限
INSERT INTO t_configgeneral (F_Name, F_Value) VALUES ('MaxProviderNOPerCommodity', '100');	-- 1个商品能够对应的最大供应商数目
INSERT INTO t_configgeneral (F_Name, F_Value) VALUES ('MaxPurchasingOrderCommodityNO', '100');  -- 1个采购订单中能够对应的最大商品数目
INSERT INTO t_configgeneral (F_Name, F_Value) VALUES ('CommodityLogoVolumeMax', '102400');	-- 商品图片的大小限制
INSERT INTO t_configgeneral (F_Name, F_Value) VALUES ('MaxWarehousingCommodityNO', '100');  -- 1个入库单中能够对应的最大商品数目
INSERT INTO t_configgeneral (F_Name, F_Value) VALUES ('RetailTradeDailyReportSummaryTaskScanStartTime', '01:00:00'); -- 日报表推送时间
INSERT INTO t_configgeneral (F_Name, F_Value) VALUES ('RetailTradeDailyReportSummaryTaskScanEndTime', '01:00:59');   -- 日报表推送时间 
INSERT INTO t_configgeneral (F_Name, F_Value) VALUES ('RetailTradeMonthlyReportSummaryTaskScanStartTime', '01:30:00'); -- 月报表推送时间
INSERT INTO t_configgeneral (F_Name, F_Value) VALUES ('RetailTradeMonthlyReportSummaryTaskScanEndTime', '02:00:00');   -- 月报表推送时间 
INSERT INTO t_configgeneral (F_Name, F_Value) VALUES ('RetailTradeDailyReportByCategoryParentTaskScanStartTime', '01:00:00'); -- 日大类金额报表推送时间
INSERT INTO t_configgeneral (F_Name, F_Value) VALUES ('RetailTradeDailyReportByCategoryParentTaskScanEndTime', '01:00:59');   -- 日大类金额报表推送时间 
INSERT INTO t_configgeneral (F_Name, F_Value) VALUES ('RetailTradeDailyReportByStaffTaskScanStartTime', '01:00:00'); -- 员工业绩报表推送时间
INSERT INTO t_configgeneral (F_Name, F_Value) VALUES ('RetailTradeDailyReportByStaffTaskScanEndTime', '01:00:59');   -- 员工业绩报表推送时间 
INSERT INTO t_configgeneral (F_Name, F_Value) VALUES ('ACTIVE_SMALLSHEET_ID', '1');  -- POS机默认的小票格式ID，当是初始值0的时候，代表用户尚未设置小票格式
INSERT INTO t_configgeneral (F_Name, F_Value) VALUES ('BonusTaskScanStartTime', '01:00:00');
INSERT INTO t_configgeneral (F_Name, F_Value) VALUES ('BonusTaskScanEndTime', '01:00:59');

-- 缓存对象个数配置表。以下次序不能打乱
INSERT INTO t_configcachesize (F_Name, F_Value) VALUES ('BrandCacheSize', '100000000');
INSERT INTO t_configcachesize (F_Name, F_Value) VALUES ('CategoryCacheSize', '100000000');
INSERT INTO t_configcachesize (F_Name, F_Value) VALUES ('CommodityCacheSize', '100');
INSERT INTO t_configcachesize (F_Name, F_Value) VALUES ('VipCacheSize', '50');
INSERT INTO t_configcachesize (F_Name, F_Value) VALUES ('StaffCacheSize', '50');
INSERT INTO t_configcachesize (F_Name, F_Value) VALUES ('POSCacheSize', '10');
INSERT INTO t_configcachesize (F_Name, F_Value) VALUES ('InventorySheetCacheSize', '20');
INSERT INTO t_configcachesize (F_Name, F_Value) VALUES ('ProviderCacheSize', '20');
INSERT INTO t_configcachesize (F_Name, F_Value) VALUES ('ProviderDistrictCacheSize', '100000000');
INSERT INTO t_configcachesize (F_Name, F_Value) VALUES ('PurchasingOrderCacheSize', '20');
INSERT INTO t_configcachesize (F_Name, F_Value) VALUES ('WarehouseCacheSize', '20');
INSERT INTO t_configcachesize (F_Name, F_Value) VALUES ('WarehousingCacheSize', '20');
INSERT INTO t_configcachesize (F_Name, F_Value) VALUES ('RetailTradeNumberCacheSize', '50');
INSERT INTO t_configcachesize (F_Name, F_Value) VALUES ('CategoryParentCacheSize', '100000000');
INSERT INTO t_configcachesize (F_Name, F_Value) VALUES ('PromotionCacheSize', '50');
INSERT INTO t_configcachesize (F_Name, F_Value) VALUES ('RetailTredePromotingNumberCacheSize', '50');
INSERT INTO t_configcachesize (F_Name, F_Value) VALUES ('BarcodesCacheSize', '50');
INSERT INTO t_configcachesize (F_Name, F_Value) VALUES ('ShopCacheSize', '20');
INSERT INTO t_configcachesize (F_Name, F_Value) VALUES ('VipCardCacheSize', '50');

-- 消息类别表
DELETE FROM T_MessageCategory;
INSERT INTO T_MessageCategory (F_Name) VALUES ('采购计划表待审核');
INSERT INTO T_MessageCategory (F_Name) VALUES ('采购超时');
INSERT INTO T_MessageCategory (F_Name) VALUES ('入库价与采购订单上价格不符合');
INSERT INTO T_MessageCategory (F_Name) VALUES ('商品临近保质期');
INSERT INTO T_MessageCategory (F_Name) VALUES ('查看盘点差异报告');
INSERT INTO T_MessageCategory (F_Name) VALUES ('收银员登录上班');
INSERT INTO T_MessageCategory (F_Name) VALUES ('交班、营业额');
INSERT INTO T_Messagecategory (F_Name) VALUES ('商品滞销');

-- 消息处理配置表	
DELETE FROM T_MessageHandlerSetting;
INSERT INTO T_MessageHandlerSetting (F_CategoryID,F_Template,F_Link)
VALUES (1,'采购计划表已经生成，请打开{Link1}审核之','http://www.bxit.vip/shop/order/ID/1'); 
INSERT INTO T_MessageHandlerSetting (F_CategoryID,F_Template,F_Link)
VALUES (2,'采购超时：订单已经下但是供应产在规定时间内未送货到。超出送货期限','http://www.bxit.vip/shop/order/ID/2'); 
INSERT INTO T_MessageHandlerSetting (F_CategoryID,F_Template,F_Link)
VALUES (3,'入库价格与采购订单上的价格不符','http://www.bxit.vip/shop/order/ID/3'); 
INSERT INTO T_MessageHandlerSetting (F_CategoryID,F_Template,F_Link)
VALUES (4,'商品临近保质期','http://www.bxit.vip/shop/order/ID/4'); 
INSERT INTO T_MessageHandlerSetting (F_CategoryID,F_Template,F_Link)
VALUES (5,'查看盘点差异报告','http://www.bxit.vip/shop/order/ID/5');
INSERT INTO T_MessageHandlerSetting (F_CategoryID,F_Template,F_Link)
VALUES (6,'收银员登录上班','http://www.bxit.vip/shop/order/ID/4'); 
INSERT INTO T_MessageHandlerSetting (F_CategoryID,F_Template,F_Link)
VALUES (7,'交班、营业额','http://www.bxit.vip/shop/order/ID/5');

-- 包装单位
DELETE FROM T_PackageUnit;
INSERT INTO T_PackageUnit (F_Name) VALUES ("瓶");
INSERT INTO T_PackageUnit (F_Name) VALUES ("盒");
INSERT INTO T_PackageUnit (F_Name) VALUES ("袋");
INSERT INTO T_PackageUnit (F_Name) VALUES ("支");
INSERT INTO T_PackageUnit (F_Name) VALUES ("包");
INSERT INTO T_PackageUnit (F_Name) VALUES ("根");
INSERT INTO T_PackageUnit (F_Name) VALUES ("箱");

DELETE FROM T_CategoryParent;
INSERT INTO T_CategoryParent (F_Name) VALUES ('默认分类');
INSERT INTO T_CategoryParent (F_Name) VALUES ('饮料酒水');
INSERT INTO T_CategoryParent (F_Name) VALUES ('休闲食品');
INSERT INTO T_CategoryParent (F_Name) VALUES ('粮油副食');
INSERT INTO T_CategoryParent (F_Name) VALUES ('牛奶制品');
INSERT INTO T_CategoryParent (F_Name) VALUES ('家具清洁');
INSERT INTO T_CategoryParent (F_Name) VALUES ('个护美妆');
INSERT INTO T_CategoryParent (F_Name) VALUES ('方便速食');
INSERT INTO T_CategoryParent (F_Name) VALUES ('文体用品');
INSERT INTO T_CategoryParent (F_Name) VALUES ('日用百货');
INSERT INTO T_CategoryParent (F_Name) VALUES ('蔬菜水果');
INSERT INTO T_CategoryParent (F_Name) VALUES ('蛋肉家禽');



-- 商品类别
DELETE FROM t_category;
INSERT INTO t_category (F_Name, F_ParentID) VALUES ('默认分类', 1);
INSERT INTO t_category (F_Name, F_ParentID) VALUES ('饮料', 2);
INSERT INTO t_category (F_Name, F_ParentID) VALUES ('冲调饮品', 2);
INSERT INTO t_category (F_Name, F_ParentID) VALUES ('果汁', 2);
INSERT INTO t_category (F_Name, F_ParentID) VALUES ('饮用水', 2);
INSERT INTO t_category (F_Name, F_ParentID) VALUES ('休闲零食', 3);
INSERT INTO t_category (F_Name, F_ParentID) VALUES ('坚果蜜饯', 3);
INSERT INTO t_category (F_Name, F_ParentID) VALUES ('糖果/巧克力', 3);
INSERT INTO t_category (F_Name, F_ParentID) VALUES ('地方特产', 3);
INSERT INTO t_category (F_Name, F_ParentID) VALUES ('饼干糕点', 3);
INSERT INTO t_category (F_Name, F_ParentID) VALUES ('食用油', 4);
INSERT INTO t_category (F_Name, F_ParentID) VALUES ('调味品', 4);
INSERT INTO t_category (F_Name, F_ParentID) VALUES ('方便面', 4);
INSERT INTO t_category (F_Name, F_ParentID) VALUES ('米面', 4);
INSERT INTO t_category (F_Name, F_ParentID) VALUES ('南北干货', 4);
INSERT INTO t_category (F_Name, F_ParentID) VALUES ('杂粮', 4);
INSERT INTO t_category (F_Name, F_ParentID) VALUES ('酱菜罐头', 4);
INSERT INTO t_category (F_Name, F_ParentID) VALUES ('冷藏酸奶', 5);
INSERT INTO t_category (F_Name, F_ParentID) VALUES ('鲜牛奶', 5);
INSERT INTO t_category (F_Name, F_ParentID) VALUES ('常温奶品', 5);
INSERT INTO t_category (F_Name, F_ParentID) VALUES ('奶酪黄油', 5);
INSERT INTO t_category (F_Name, F_ParentID) VALUES ('厨房用品', 6);
INSERT INTO t_category (F_Name, F_ParentID) VALUES ('家庭清洁', 6);
INSERT INTO t_category (F_Name, F_ParentID) VALUES ('纸品', 6);
INSERT INTO t_category (F_Name, F_ParentID) VALUES ('衣物洗涤', 6);
INSERT INTO t_category (F_Name, F_ParentID) VALUES ('快速消耗品', 6);
INSERT INTO t_category (F_Name, F_ParentID) VALUES ('个人护理', 7);
INSERT INTO t_category (F_Name, F_ParentID) VALUES ('洗发护理', 7);
INSERT INTO t_category (F_Name, F_ParentID) VALUES ('洗衣用品', 7);
INSERT INTO t_category (F_Name, F_ParentID) VALUES ('口腔护理', 7);
INSERT INTO t_category (F_Name, F_ParentID) VALUES ('女性护理', 7);
INSERT INTO t_category (F_Name, F_ParentID) VALUES ('计生用品', 7);
INSERT INTO t_category (F_Name, F_ParentID) VALUES ('低温熟食', 8);
INSERT INTO t_category (F_Name, F_ParentID) VALUES ('饺子/云吞', 8);
INSERT INTO t_category (F_Name, F_ParentID) VALUES ('汤圆', 8);
INSERT INTO t_category (F_Name, F_ParentID) VALUES ('体育用品', 9);
INSERT INTO t_category (F_Name, F_ParentID) VALUES ('玩具', 9);
INSERT INTO t_category (F_Name, F_ParentID) VALUES ('办公用品', 9);
INSERT INTO t_category (F_Name, F_ParentID) VALUES ('夏季用品', 10);
INSERT INTO t_category (F_Name, F_ParentID) VALUES ('冬季用品', 10);
INSERT INTO t_category (F_Name, F_ParentID) VALUES ('桶盆', 10);
INSERT INTO t_category (F_Name, F_ParentID) VALUES ('衣帽鞋袜', 10);
INSERT INTO t_category (F_Name, F_ParentID) VALUES ('雨具', 10);
INSERT INTO t_category (F_Name, F_ParentID) VALUES ('电池', 10);
INSERT INTO t_category (F_Name, F_ParentID) VALUES ('衣架', 10);
INSERT INTO t_category (F_Name, F_ParentID) VALUES ('包装蔬菜', 11);
INSERT INTO t_category (F_Name, F_ParentID) VALUES ('鲜鲜水果', 11);
INSERT INTO t_category (F_Name, F_ParentID) VALUES ('速冻肉', 12);
INSERT INTO t_category (F_Name, F_ParentID) VALUES ('蛋品', 12);
INSERT INTO t_category (F_Name, F_ParentID) VALUES ('海鲜', 12);
INSERT INTO t_category (F_Name, F_ParentID) VALUES ('猪牛羊肉', 12);
INSERT INTO t_category (F_Name, F_ParentID) VALUES ('家禽', 12);

-- 商品品牌
DELETE FROM t_brand;
INSERT INTO t_brand (F_Name) VALUES ('默认品牌');

-- 部门
DELETE FROM t_department;
INSERT INTO t_department (F_DepartmentName) VALUES ('默认部门');

-- 供应商区域表
delete from T_ProviderDistrict;
INSERT INTO T_ProviderDistrict (F_Name)
VALUES ('默认区域');

-- 供应商
delete from T_Provider;
INSERT INTO T_Provider (F_Name, F_DistrictID)
VALUES ('默认供应商', '1');

-- 商品属性
delete from T_CommodityProperty;
INSERT INTO T_CommodityProperty(F_Name1, F_Name2, F_Name3, F_Name4)
VALUES ('自定义属性1', '自定义属性2', '自定义属性3', '自定义属性4');

-- 门店区域表
delete from t_shopdistrict;
INSERT INTO t_shopdistrict (F_Name)
VALUES ('默认区域');

-- 仓库
delete from T_Warehouse;     -- 这里客户ID和员工ID给null是因为需要生成默认仓库到config.sql
INSERT INTO T_Warehouse (F_Name,F_Address, F_StaffID, F_Phone)
VALUES ('默认仓库','植物园', NULL, '15854320895');

-- nbr项目常量表
INSERT INTO t_nbrconstant(F_Scope,F_Key,F_Value,F_Remark) VALUES(0,'INVALID_ID','-1','根据传进的ID,代表无效的搜索因子');
INSERT INTO t_nbrconstant(F_Scope,F_Key,F_Value,F_Remark) VALUES(0,'INVALID_POS_ID','-1','根据传进的POSID,代表无效的搜索因子');
INSERT INTO t_nbrconstant(F_Scope,F_Key,F_Value,F_Remark) VALUES(0,'INVALID_NO','-1','根据传进的NO,代表无效的搜索因子');
INSERT INTO t_nbrconstant(F_Scope,F_Key,F_Value,F_Remark) VALUES(0,'INVALID_STATUS','-1','根据传进的status,代表无效的搜索因子');
INSERT INTO t_nbrconstant(F_Scope,F_Key,F_Value,F_Remark) VALUES(0,'INVALID_NO_INVENTORY_Initial','-1','代表无效的待盘点的商品的数量，包括实盘数量和系统库存。前端检查到这2个字段是这个值时，不显示任何东西给用户看');

-- 小票格式
DELETE FROM t_smallsheetframe;
INSERT INTO t_smallsheetframe(F_Logo) VALUES('');
-- 
DELETE FROM t_smallsheettext;
INSERT INTO t_smallsheettext(F_Content,F_Size,F_Bold,F_Gravity,F_FrameID) VALUES('小票',20,0,17,1); -- 页眉
INSERT INTO t_smallsheettext(F_Content,F_Size,F_Bold,F_Gravity,F_FrameID) VALUES('单据号：',20,0,51,1); -- 单据号
INSERT INTO t_smallsheettext(F_Content,F_Size,F_Bold,F_Gravity,F_FrameID) VALUES('日期：',20,0,51,1); -- 日期
INSERT INTO t_smallsheettext(F_Content,F_Size,F_Bold,F_Gravity,F_FrameID) VALUES('合计：￥',20,0,53,1); -- 合计
INSERT INTO t_smallsheettext(F_Content,F_Size,F_Bold,F_Gravity,F_FrameID) VALUES('支付方式：',20,0,53,1); -- 支付方式
INSERT INTO t_smallsheettext(F_Content,F_Size,F_Bold,F_Gravity,F_FrameID) VALUES('优惠：',20,0,53,1); -- 优惠
INSERT INTO t_smallsheettext(F_Content,F_Size,F_Bold,F_Gravity,F_FrameID) VALUES('应付：',20,0,53,1); -- 应付
INSERT INTO t_smallsheettext(F_Content,F_Size,F_Bold,F_Gravity,F_FrameID) VALUES('微信支付：￥',20,0,53,1); -- 微信支付
-- INSERT INTO t_smallsheettext(F_Content,F_Size,F_Bold,F_Gravity,F_FrameID) VALUES('支付宝支付：￥',20,0,53,1); -- 支付宝
INSERT INTO t_smallsheettext(F_Content,F_Size,F_Bold,F_Gravity,F_FrameID) VALUES('现金支付：￥',20,0,53,1); -- 现金支付
INSERT INTO t_smallsheettext(F_Content,F_Size,F_Bold,F_Gravity,F_FrameID) VALUES('谢谢惠顾',20,0,17,1); -- 页脚1 
INSERT INTO t_smallsheettext(F_Content,F_Size,F_Bold,F_Gravity,F_FrameID) VALUES('',20,0,17,1); -- 页脚2
INSERT INTO t_smallsheettext(F_Content,F_Size,F_Bold,F_Gravity,F_FrameID) VALUES('',20,0,17,1); -- 页脚3 
INSERT INTO t_smallsheettext(F_Content,F_Size,F_Bold,F_Gravity,F_FrameID) VALUES('',20,0,17,1); -- 页脚4 
INSERT INTO t_smallsheettext(F_Content,F_Size,F_Bold,F_Gravity,F_FrameID) VALUES('',20,0,17,1); -- 页脚5 
INSERT INTO t_smallsheettext(F_Content,F_Size,F_Bold,F_Gravity,F_FrameID) VALUES('',20,0,17,1); -- 页脚6 
INSERT INTO t_smallsheettext(F_Content,F_Size,F_Bold,F_Gravity,F_FrameID) VALUES('',20,0,17,1); -- 页脚7 
INSERT INTO t_smallsheettext(F_Content,F_Size,F_Bold,F_Gravity,F_FrameID) VALUES('',20,0,17,1); -- 页脚8 
INSERT INTO t_smallsheettext(F_Content,F_Size,F_Bold,F_Gravity,F_FrameID) VALUES('',20,0,17,1); -- 页脚9 
INSERT INTO t_smallsheettext(F_Content,F_Size,F_Bold,F_Gravity,F_FrameID) VALUES('',20,0,17,1); -- 页脚10  
INSERT INTO t_smallsheettext(F_Content,F_Size,F_Bold,F_Gravity,F_FrameID) VALUES('底部',20,0,17,1); -- 底部 

-- 默认会员卡
DELETE FROM t_vipcard;

INSERT INTO t_vipcard (F_Title, F_BackgroundColor, F_ClearBonusDay, F_ClearBonusDatetime, F_CreateDatetime)
VALUES ('会员卡', '0,176,255;21,101,192', 3650, NULL, now());

-- 默认积分规则 1元钱10积分
DELETE FROM t_bonusrule;
INSERT INTO t_bonusrule (F_VipCardID, F_AmountUnit, F_IncreaseBonus, F_MaxIncreaseBonus, F_InitIncreaseBonus)
VALUES (1, 100, 10, 1000, 0);